2026-07-20 14:12:54,622 - robTrader.Scheduler - INFO - Dynamic scan enabled. Fetching symbols dynamically from SP500 and top Cryptocurrencies...
2026-07-20 14:12:55,517 - robTrader.Scheduler - INFO - Alpaca credentials found. Initializing Alpaca data provider and broker.
2026-07-20 14:12:55,521 - robTrader.Scheduler - INFO - Recovered daily start portfolio value from history: 1000000.00 (Date: 2026-07-20)
2026-07-20 14:12:55,521 - robTrader.Scheduler - INFO - Starting execution loop.
2026-07-20 14:12:55,521 - robTrader.Scheduler - INFO - - Portfolio Refresh Interval: 10 seconds
2026-07-20 14:12:55,521 - robTrader.Scheduler - INFO - - Market Re-Analysis Interval: 2 minutes
2026-07-20 14:12:56,780 - robTrader.Scheduler - INFO - Refreshed portfolio: Cash = 849564.31 | Total Value = 1000704.69
2026-07-20 14:12:56,889 - robTrader.Scheduler - INFO - ------ Starting Trading Cycle ------
2026-07-20 14:12:56,889 - robTrader.Scheduler - INFO - Signal Thresholds: BUY >= 0.15 | SELL <= -0.1
2026-07-20 14:12:57,835 - robTrader.Scheduler - INFO - Dynamically scanned market. Target symbols for this cycle: ['MMM', 'AOS', 'ABT', 'ABBV', 'ACN', 'ADBE', 'AMD', 'AES', 'AFL', 'A', 'APD', 'ABNB', 'AKAM', 'ALB', 'ARE', 'ALGN', 'ALLE', 'LNT', 'ALL', 'GOOGL', 'GOOG', 'MO', 'AMZN', 'AMCR', 'AEE', 'AEP', 'AXP', 'AIG', 'AMT', 'AWK', 'AMP', 'AME', 'AMGN', 'APH', 'ADI', 'AON', 'APA', 'APO', 'AAPL', 'AMAT', 'APP', 'APTV', 'ACGL', 'ADM', 'ARES', 'ANET', 'AJG', 'AIZ', 'T', 'ATO', 'BTCUSD', 'ETHUSD', 'SOLUSD', 'LTCUSD', 'DOGEUSD', 'ADAUSD', 'LINKUSD']
2026-07-20 14:12:58,253 - robTrader.Scheduler - INFO - Broker Cash: 849564.31 | Reserved in Pending Buys: 450220.83 | Estimated Available Cash: 399343.48
2026-07-20 14:12:58,253 - robTrader.Scheduler - INFO - Portfolio Value: 1000704.69 | Cash: 399343.48 | Open Positions: ['BTCUSD', 'DOGEUSD']
2026-07-20 14:12:58,253 - robTrader.Scheduler - INFO - Analyzing MMM...
2026-07-20 14:13:02,961 - robTrader.Scheduler - INFO - Strategy recommendation for MMM: HOLD (Score: 0.11) | Price: 159.84
2026-07-20 14:13:03,067 - robTrader.Scheduler - INFO - Holding current position for MMM.
2026-07-20 14:13:03,067 - robTrader.Scheduler - INFO - Analyzing AOS...
2026-07-20 14:13:03,295 - robTrader.Scheduler - INFO - Strategy recommendation for AOS: HOLD (Score: 0.07) | Price: 58.85
2026-07-20 14:13:03,402 - robTrader.Scheduler - INFO - Holding current position for AOS.
2026-07-20 14:13:03,402 - robTrader.Scheduler - INFO - Analyzing ABT...
2026-07-20 14:13:03,643 - robTrader.Scheduler - INFO - Strategy recommendation for ABT: BUY (Score: 0.19) | Price: 100.68
2026-07-20 14:13:03,748 - robTrader.Scheduler - INFO - Skipping BUY order for ABT: Already has 1 pending order(s) active in broker.
2026-07-20 14:13:03,748 - robTrader.Scheduler - INFO - Analyzing ABBV...
2026-07-20 14:13:03,978 - robTrader.Scheduler - INFO - Strategy recommendation for ABBV: HOLD (Score: 0.09) | Price: 254.49
2026-07-20 14:13:04,090 - robTrader.Scheduler - INFO - Holding current position for ABBV.
2026-07-20 14:13:04,090 - robTrader.Scheduler - INFO - Analyzing ACN...
2026-07-20 14:13:04,314 - robTrader.Scheduler - INFO - Strategy recommendation for ACN: HOLD (Score: 0.04) | Price: 143.57
2026-07-20 14:13:04,422 - robTrader.Scheduler - INFO - Holding current position for ACN.
2026-07-20 14:13:04,422 - robTrader.Scheduler - INFO - Analyzing ADBE...
2026-07-20 14:13:04,654 - robTrader.Scheduler - INFO - Strategy recommendation for ADBE: HOLD (Score: 0.0) | Price: 237.25
2026-07-20 14:13:04,762 - robTrader.Scheduler - INFO - Holding current position for ADBE.
2026-07-20 14:13:04,763 - robTrader.Scheduler - INFO - Analyzing AMD...
2026-07-20 14:13:05,001 - robTrader.Scheduler - INFO - Strategy recommendation for AMD: HOLD (Score: 0.11) | Price: 495.76
2026-07-20 14:13:05,111 - robTrader.Scheduler - INFO - Holding current position for AMD.
2026-07-20 14:13:05,111 - robTrader.Scheduler - INFO - Analyzing AES...
2026-07-20 14:13:05,341 - robTrader.Scheduler - INFO - Strategy recommendation for AES: HOLD (Score: 0.11) | Price: 14.77
2026-07-20 14:13:05,447 - robTrader.Scheduler - INFO - Holding current position for AES.
2026-07-20 14:13:05,447 - robTrader.Scheduler - INFO - Analyzing AFL...
2026-07-20 14:13:05,677 - robTrader.Scheduler - INFO - Strategy recommendation for AFL: HOLD (Score: 0.0) | Price: 124.72
2026-07-20 14:13:05,787 - robTrader.Scheduler - INFO - Holding current position for AFL.
2026-07-20 14:13:05,787 - robTrader.Scheduler - INFO - Analyzing A...
2026-07-20 14:13:06,019 - robTrader.Scheduler - INFO - Strategy recommendation for A: HOLD (Score: 0.11) | Price: 131.46
2026-07-20 14:13:06,127 - robTrader.Scheduler - INFO - Holding current position for A.
2026-07-20 14:13:06,127 - robTrader.Scheduler - INFO - Analyzing APD...
2026-07-20 14:13:06,362 - robTrader.Scheduler - INFO - Strategy recommendation for APD: HOLD (Score: 0.07) | Price: 295.62
2026-07-20 14:13:06,470 - robTrader.Scheduler - INFO - Holding current position for APD.
2026-07-20 14:13:06,470 - robTrader.Scheduler - INFO - Analyzing ABNB...
2026-07-20 14:13:06,708 - robTrader.Scheduler - INFO - Strategy recommendation for ABNB: HOLD (Score: 0.07) | Price: 145.98
2026-07-20 14:13:06,818 - robTrader.Scheduler - INFO - Holding current position for ABNB.
2026-07-20 14:13:06,819 - robTrader.Scheduler - INFO - Analyzing AKAM...
2026-07-20 14:13:07,150 - robTrader.Scheduler - INFO - Strategy recommendation for AKAM: HOLD (Score: 0.0) | Price: 120.19
2026-07-20 14:13:07,261 - robTrader.Scheduler - INFO - Holding current position for AKAM.
2026-07-20 14:13:07,261 - robTrader.Scheduler - INFO - Analyzing ALB...
2026-07-20 14:13:07,530 - robTrader.Scheduler - INFO - Strategy recommendation for ALB: BUY (Score: 0.19) | Price: 120.78
2026-07-20 14:13:07,644 - robTrader.Scheduler - INFO - Skipping BUY order for ALB: Already has 1 pending order(s) active in broker.
2026-07-20 14:13:07,644 - robTrader.Scheduler - INFO - Analyzing ARE...
2026-07-20 14:13:07,980 - robTrader.Scheduler - INFO - Strategy recommendation for ARE: HOLD (Score: 0.11) | Price: 50.22
2026-07-20 14:13:08,083 - robTrader.Scheduler - INFO - Holding current position for ARE.
2026-07-20 14:13:08,084 - robTrader.Scheduler - INFO - Analyzing ALGN...
2026-07-20 14:13:08,310 - robTrader.Scheduler - INFO - Strategy recommendation for ALGN: HOLD (Score: 0.0) | Price: 176.76
2026-07-20 14:13:08,415 - robTrader.Scheduler - INFO - Holding current position for ALGN.
2026-07-20 14:13:08,415 - robTrader.Scheduler - INFO - Analyzing ALLE...
2026-07-20 14:13:08,644 - robTrader.Scheduler - INFO - Strategy recommendation for ALLE: HOLD (Score: 0.04) | Price: 137.24
2026-07-20 14:13:08,752 - robTrader.Scheduler - INFO - Holding current position for ALLE.
2026-07-20 14:13:08,752 - robTrader.Scheduler - INFO - Analyzing LNT...
2026-07-20 14:13:08,989 - robTrader.Scheduler - INFO - Strategy recommendation for LNT: HOLD (Score: 0.11) | Price: 74.82
2026-07-20 14:13:09,100 - robTrader.Scheduler - INFO - Holding current position for LNT.
2026-07-20 14:13:09,100 - robTrader.Scheduler - INFO - Analyzing ALL...
2026-07-20 14:13:09,342 - robTrader.Scheduler - INFO - Strategy recommendation for ALL: HOLD (Score: 0.11) | Price: 249.90
2026-07-20 14:13:09,454 - robTrader.Scheduler - INFO - Holding current position for ALL.
2026-07-20 14:13:09,454 - robTrader.Scheduler - INFO - Analyzing GOOGL...
2026-07-20 14:13:09,706 - robTrader.Scheduler - INFO - Strategy recommendation for GOOGL: HOLD (Score: 0.04) | Price: 346.77
2026-07-20 14:13:09,810 - robTrader.Scheduler - INFO - Holding current position for GOOGL.
2026-07-20 14:13:09,811 - robTrader.Scheduler - INFO - Analyzing GOOG...
2026-07-20 14:13:10,051 - robTrader.Scheduler - INFO - Strategy recommendation for GOOG: HOLD (Score: -0.04) | Price: 346.12
2026-07-20 14:13:10,156 - robTrader.Scheduler - INFO - Holding current position for GOOG.
2026-07-20 14:13:10,157 - robTrader.Scheduler - INFO - Analyzing MO...
2026-07-20 14:13:10,395 - robTrader.Scheduler - INFO - Strategy recommendation for MO: HOLD (Score: 0.11) | Price: 74.21
2026-07-20 14:13:10,506 - robTrader.Scheduler - INFO - Holding current position for MO.
2026-07-20 14:13:10,507 - robTrader.Scheduler - INFO - Analyzing AMZN...
2026-07-20 14:13:10,752 - robTrader.Scheduler - INFO - Strategy recommendation for AMZN: HOLD (Score: 0.04) | Price: 247.23
2026-07-20 14:13:10,857 - robTrader.Scheduler - INFO - Holding current position for AMZN.
2026-07-20 14:13:10,858 - robTrader.Scheduler - INFO - Analyzing AMCR...
2026-07-20 14:13:11,100 - robTrader.Scheduler - INFO - Strategy recommendation for AMCR: HOLD (Score: 0.07) | Price: 43.94
2026-07-20 14:13:11,208 - robTrader.Scheduler - INFO - Holding current position for AMCR.
2026-07-20 14:13:11,209 - robTrader.Scheduler - INFO - Analyzing AEE...
2026-07-20 14:13:11,433 - robTrader.Scheduler - INFO - Strategy recommendation for AEE: HOLD (Score: 0.11) | Price: 111.55
2026-07-20 14:13:11,539 - robTrader.Scheduler - INFO - Holding current position for AEE.
2026-07-20 14:13:11,539 - robTrader.Scheduler - INFO - Analyzing AEP...
2026-07-20 14:13:11,788 - robTrader.Scheduler - INFO - Strategy recommendation for AEP: HOLD (Score: 0.11) | Price: 132.14
2026-07-20 14:13:11,895 - robTrader.Scheduler - INFO - Holding current position for AEP.
2026-07-20 14:13:11,895 - robTrader.Scheduler - INFO - Analyzing AXP...
2026-07-20 14:13:12,125 - robTrader.Scheduler - INFO - Strategy recommendation for AXP: HOLD (Score: 0.07) | Price: 355.35
2026-07-20 14:13:12,235 - robTrader.Scheduler - INFO - Holding current position for AXP.
2026-07-20 14:13:12,235 - robTrader.Scheduler - INFO - Analyzing AIG...
2026-07-20 14:13:12,490 - robTrader.Scheduler - INFO - Strategy recommendation for AIG: BUY (Score: 0.15) | Price: 80.50
2026-07-20 14:13:12,598 - robTrader.Scheduler - INFO - Skipping BUY order for AIG: Already has 1 pending order(s) active in broker.
2026-07-20 14:13:12,598 - robTrader.Scheduler - INFO - Analyzing AMT...
2026-07-20 14:13:12,845 - robTrader.Scheduler - INFO - Strategy recommendation for AMT: HOLD (Score: 0.11) | Price: 170.06
2026-07-20 14:13:12,951 - robTrader.Scheduler - INFO - Holding current position for AMT.
2026-07-20 14:13:12,951 - robTrader.Scheduler - INFO - Analyzing AWK...
2026-07-20 14:13:13,181 - robTrader.Scheduler - INFO - Strategy recommendation for AWK: HOLD (Score: 0.04) | Price: 135.11
2026-07-20 14:13:13,288 - robTrader.Scheduler - INFO - Holding current position for AWK.
2026-07-20 14:13:13,288 - robTrader.Scheduler - INFO - Analyzing AMP...
2026-07-20 14:13:13,520 - robTrader.Scheduler - INFO - Strategy recommendation for AMP: HOLD (Score: 0.04) | Price: 527.87
2026-07-20 14:13:13,626 - robTrader.Scheduler - INFO - Holding current position for AMP.
2026-07-20 14:13:13,627 - robTrader.Scheduler - INFO - Analyzing AME...
2026-07-20 14:13:13,857 - robTrader.Scheduler - INFO - Strategy recommendation for AME: HOLD (Score: 0.07) | Price: 237.00
2026-07-20 14:13:13,962 - robTrader.Scheduler - INFO - Holding current position for AME.
2026-07-20 14:13:13,962 - robTrader.Scheduler - INFO - Analyzing AMGN...
2026-07-20 14:13:14,189 - robTrader.Scheduler - INFO - Strategy recommendation for AMGN: HOLD (Score: 0.04) | Price: 366.29
2026-07-20 14:13:14,295 - robTrader.Scheduler - INFO - Holding current position for AMGN.
2026-07-20 14:13:14,295 - robTrader.Scheduler - INFO - Analyzing APH...
2026-07-20 14:13:14,543 - robTrader.Scheduler - INFO - Strategy recommendation for APH: BUY (Score: 0.15) | Price: 151.20
2026-07-20 14:13:14,650 - robTrader.Scheduler - INFO - Skipping BUY order for APH: Already has 1 pending order(s) active in broker.
2026-07-20 14:13:14,650 - robTrader.Scheduler - INFO - Analyzing ADI...
2026-07-20 14:13:14,882 - robTrader.Scheduler - INFO - Strategy recommendation for ADI: HOLD (Score: 0.04) | Price: 375.36
2026-07-20 14:13:14,989 - robTrader.Scheduler - INFO - Holding current position for ADI.
2026-07-20 14:13:14,989 - robTrader.Scheduler - INFO - Analyzing AON...
2026-07-20 14:13:15,223 - robTrader.Scheduler - INFO - Strategy recommendation for AON: HOLD (Score: 0.11) | Price: 367.21
2026-07-20 14:13:15,334 - robTrader.Scheduler - INFO - Holding current position for AON.
2026-07-20 14:13:15,334 - robTrader.Scheduler - INFO - Analyzing APA...
2026-07-20 14:13:15,570 - robTrader.Scheduler - INFO - Strategy recommendation for APA: HOLD (Score: 0.11) | Price: 35.22
2026-07-20 14:13:15,680 - robTrader.Scheduler - INFO - Holding current position for APA.
2026-07-20 14:13:15,680 - robTrader.Scheduler - INFO - Analyzing APO...
2026-07-20 14:13:15,953 - robTrader.Scheduler - INFO - Strategy recommendation for APO: BUY (Score: 0.15) | Price: 120.47
2026-07-20 14:13:16,060 - robTrader.Scheduler - INFO - Skipping BUY order for APO: Already has 1 pending order(s) active in broker.
2026-07-20 14:13:16,060 - robTrader.Scheduler - INFO - Analyzing AAPL...
2026-07-20 14:13:16,295 - robTrader.Scheduler - INFO - Strategy recommendation for AAPL: HOLD (Score: 0.11) | Price: 333.74
2026-07-20 14:13:16,401 - robTrader.Scheduler - INFO - Holding current position for AAPL.
2026-07-20 14:13:16,401 - robTrader.Scheduler - INFO - Analyzing AMAT...
2026-07-20 14:13:16,628 - robTrader.Scheduler - INFO - Strategy recommendation for AMAT: HOLD (Score: 0.07) | Price: 529.66
2026-07-20 14:13:16,735 - robTrader.Scheduler - INFO - Holding current position for AMAT.
2026-07-20 14:13:16,735 - robTrader.Scheduler - INFO - Analyzing APP...
2026-07-20 14:13:16,961 - robTrader.Scheduler - INFO - Strategy recommendation for APP: HOLD (Score: 0.04) | Price: 424.54
2026-07-20 14:13:17,067 - robTrader.Scheduler - INFO - Holding current position for APP.
2026-07-20 14:13:17,067 - robTrader.Scheduler - INFO - Analyzing APTV...
2026-07-20 14:13:17,297 - robTrader.Scheduler - INFO - Strategy recommendation for APTV: HOLD (Score: 0.11) | Price: 57.47
2026-07-20 14:13:17,407 - robTrader.Scheduler - INFO - Holding current position for APTV.
2026-07-20 14:13:17,408 - robTrader.Scheduler - INFO - Analyzing ACGL...
2026-07-20 14:13:17,630 - robTrader.Scheduler - INFO - Strategy recommendation for ACGL: HOLD (Score: 0.04) | Price: 101.35
2026-07-20 14:13:17,739 - robTrader.Scheduler - INFO - Holding current position for ACGL.
2026-07-20 14:13:17,739 - robTrader.Scheduler - INFO - Analyzing ADM...
2026-07-20 14:13:17,988 - robTrader.Scheduler - INFO - Strategy recommendation for ADM: HOLD (Score: 0.07) | Price: 85.90
2026-07-20 14:13:18,097 - robTrader.Scheduler - INFO - Holding current position for ADM.
2026-07-20 14:13:18,097 - robTrader.Scheduler - INFO - Analyzing ARES...
2026-07-20 14:13:18,328 - robTrader.Scheduler - INFO - Strategy recommendation for ARES: BUY (Score: 0.15) | Price: 125.68
2026-07-20 14:13:18,435 - robTrader.Scheduler - INFO - Skipping BUY order for ARES: Already has 1 pending order(s) active in broker.
2026-07-20 14:13:18,435 - robTrader.Scheduler - INFO - Analyzing ANET...
2026-07-20 14:13:18,667 - robTrader.Scheduler - INFO - Strategy recommendation for ANET: HOLD (Score: 0.07) | Price: 168.61
2026-07-20 14:13:18,773 - robTrader.Scheduler - INFO - Holding current position for ANET.
2026-07-20 14:13:18,773 - robTrader.Scheduler - INFO - Analyzing AJG...
2026-07-20 14:13:18,997 - robTrader.Scheduler - INFO - Strategy recommendation for AJG: BUY (Score: 0.15) | Price: 253.90
2026-07-20 14:13:19,106 - robTrader.Scheduler - INFO - Skipping BUY order for AJG: Already has 1 pending order(s) active in broker.
2026-07-20 14:13:19,106 - robTrader.Scheduler - INFO - Analyzing AIZ...
2026-07-20 14:13:19,340 - robTrader.Scheduler - INFO - Strategy recommendation for AIZ: HOLD (Score: 0.11) | Price: 276.84
2026-07-20 14:13:19,452 - robTrader.Scheduler - INFO - Holding current position for AIZ.
2026-07-20 14:13:19,452 - robTrader.Scheduler - INFO - Analyzing T...
2026-07-20 14:13:19,682 - robTrader.Scheduler - INFO - Strategy recommendation for T: HOLD (Score: 0.04) | Price: 21.81
2026-07-20 14:13:19,791 - robTrader.Scheduler - INFO - Holding current position for T.
2026-07-20 14:13:19,791 - robTrader.Scheduler - INFO - Analyzing ATO...
2026-07-20 14:13:20,048 - robTrader.Scheduler - INFO - Strategy recommendation for ATO: HOLD (Score: 0.0) | Price: 177.68
2026-07-20 14:13:20,155 - robTrader.Scheduler - INFO - Holding current position for ATO.
2026-07-20 14:13:20,156 - robTrader.Scheduler - INFO - Analyzing BTCUSD...
2026-07-20 14:13:21,083 - robTrader.Scheduler - INFO - Strategy recommendation for BTCUSD: BUY (Score: 0.2) | Price: 64693.19
2026-07-20 14:13:21,191 - robTrader.Scheduler - INFO - Position size for BTCUSD already at or above maximum target size.
2026-07-20 14:13:21,191 - robTrader.Scheduler - INFO - Analyzing ETHUSD...
2026-07-20 14:13:21,422 - robTrader.Scheduler - INFO - Strategy recommendation for ETHUSD: HOLD (Score: 0.14) | Price: 1877.75
2026-07-20 14:13:21,531 - robTrader.Scheduler - INFO - Holding current position for ETHUSD.
2026-07-20 14:13:21,532 - robTrader.Scheduler - INFO - Analyzing SOLUSD...
2026-07-20 14:13:21,777 - robTrader.Scheduler - INFO - Strategy recommendation for SOLUSD: HOLD (Score: 0.12) | Price: 76.76
2026-07-20 14:13:21,884 - robTrader.Scheduler - INFO - Holding current position for SOLUSD.
2026-07-20 14:13:21,884 - robTrader.Scheduler - INFO - Analyzing LTCUSD...
2026-07-20 14:13:22,122 - robTrader.Scheduler - INFO - Strategy recommendation for LTCUSD: HOLD (Score: 0.06) | Price: 47.24
2026-07-20 14:13:22,229 - robTrader.Scheduler - INFO - Holding current position for LTCUSD.
2026-07-20 14:13:22,229 - robTrader.Scheduler - INFO - Analyzing DOGEUSD...
2026-07-20 14:13:22,470 - robTrader.Scheduler - INFO - Strategy recommendation for DOGEUSD: BUY (Score: 0.16) | Price: 0.07
2026-07-20 14:13:22,575 - robTrader.Scheduler - INFO - Position size for DOGEUSD already at or above maximum target size.
2026-07-20 14:13:22,576 - robTrader.Scheduler - INFO - Analyzing ADAUSD...
2026-07-20 14:13:22,819 - robTrader.Scheduler - INFO - Strategy recommendation for ADAUSD: HOLD (Score: -0.01) | Price: 0.16
2026-07-20 14:13:22,926 - robTrader.Scheduler - INFO - Holding current position for ADAUSD.
2026-07-20 14:13:22,926 - robTrader.Scheduler - INFO - Analyzing LINKUSD...
2026-07-20 14:13:23,168 - robTrader.Scheduler - INFO - Strategy recommendation for LINKUSD: HOLD (Score: -0.01) | Price: 8.46
2026-07-20 14:13:23,274 - robTrader.Scheduler - INFO - Holding current position for LINKUSD.
2026-07-20 14:13:23,280 - robTrader.Scheduler - INFO - Saved analysis metrics for 57 symbols to C:\Users\EM2025007512\.gemini\antigravity\scratch\robTrader\data_logs\analysis_state_alpaca_d86ffaae.json
2026-07-20 14:13:23,294 - robTrader.Scheduler - INFO - Spanish Tax Report generated successfully at: data_logs\spanish_tax_report_alpaca_d86ffaae.csv
2026-07-20 14:13:23,294 - robTrader.Scheduler - INFO - Net gains/losses: 0.0 EUR
2026-07-20 14:13:23,294 - robTrader.Scheduler - INFO - ------ Trading Cycle Finished ------
2026-07-20 14:13:24,610 - robTrader.Scheduler - INFO - Refreshed portfolio: Cash = 849564.31 | Total Value = 1000704.69
2026-07-20 14:13:35,039 - robTrader.Scheduler - INFO - Refreshed portfolio: Cash = 849564.31 | Total Value = 1000704.69
2026-07-20 14:13:45,476 - robTrader.Scheduler - INFO - Refreshed portfolio: Cash = 849564.31 | Total Value = 1000704.69
2026-07-20 14:13:55,911 - robTrader.Scheduler - INFO - Refreshed portfolio: Cash = 849564.31 | Total Value = 1000704.69
2026-07-20 14:14:06,339 - robTrader.Scheduler - INFO - Refreshed portfolio: Cash = 849564.31 | Total Value = 1000704.69
2026-07-20 14:14:16,769 - robTrader.Scheduler - INFO - Refreshed portfolio: Cash = 849564.31 | Total Value = 1000704.69
2026-07-20 14:14:27,209 - robTrader.Scheduler - INFO - Refreshed portfolio: Cash = 849564.31 | Total Value = 1000704.69
2026-07-20 14:14:37,633 - robTrader.Scheduler - INFO - Refreshed portfolio: Cash = 849564.31 | Total Value = 1000704.69
2026-07-20 14:14:48,064 - robTrader.Scheduler - INFO - Refreshed portfolio: Cash = 849564.31 | Total Value = 1000704.69
2026-07-20 14:14:56,173 - robTrader.Scheduler - INFO - ------ Starting Trading Cycle ------
2026-07-20 14:14:56,174 - robTrader.Scheduler - INFO - Signal Thresholds: BUY >= 0.15 | SELL <= -0.1
2026-07-20 14:14:57,117 - robTrader.Scheduler - INFO - Dynamically scanned market. Target symbols for this cycle: ['MMM', 'AOS', 'ABT', 'ABBV', 'ACN', 'ADBE', 'AMD', 'AES', 'AFL', 'A', 'APD', 'ABNB', 'AKAM', 'ALB', 'ARE', 'ALGN', 'ALLE', 'LNT', 'ALL', 'GOOGL', 'GOOG', 'MO', 'AMZN', 'AMCR', 'AEE', 'AEP', 'AXP', 'AIG', 'AMT', 'AWK', 'AMP', 'AME', 'AMGN', 'APH', 'ADI', 'AON', 'APA', 'APO', 'AAPL', 'AMAT', 'APP', 'APTV', 'ACGL', 'ADM', 'ARES', 'ANET', 'AJG', 'AIZ', 'T', 'ATO', 'BTCUSD', 'ETHUSD', 'SOLUSD', 'LTCUSD', 'DOGEUSD', 'ADAUSD', 'LINKUSD']
2026-07-20 14:14:57,556 - robTrader.Scheduler - INFO - Broker Cash: 849564.31 | Reserved in Pending Buys: 450220.83 | Estimated Available Cash: 399343.48
2026-07-20 14:14:57,556 - robTrader.Scheduler - INFO - Portfolio Value: 1000704.69 | Cash: 399343.48 | Open Positions: ['BTCUSD', 'DOGEUSD']
2026-07-20 14:14:57,556 - robTrader.Scheduler - INFO - Analyzing MMM...
2026-07-20 14:15:02,380 - robTrader.Scheduler - INFO - Strategy recommendation for MMM: HOLD (Score: 0.11) | Price: 159.84
2026-07-20 14:15:02,492 - robTrader.Scheduler - INFO - Holding current position for MMM.
2026-07-20 14:15:02,492 - robTrader.Scheduler - INFO - Analyzing AOS...
2026-07-20 14:15:02,724 - robTrader.Scheduler - INFO - Strategy recommendation for AOS: HOLD (Score: 0.07) | Price: 58.85
2026-07-20 14:15:02,841 - robTrader.Scheduler - INFO - Holding current position for AOS.
2026-07-20 14:15:02,841 - robTrader.Scheduler - INFO - Analyzing ABT...
2026-07-20 14:15:03,073 - robTrader.Scheduler - INFO - Strategy recommendation for ABT: BUY (Score: 0.19) | Price: 100.68
2026-07-20 14:15:03,224 - robTrader.Scheduler - INFO - Skipping BUY order for ABT: Already has 1 pending order(s) active in broker.
2026-07-20 14:15:03,224 - robTrader.Scheduler - INFO - Analyzing ABBV...
2026-07-20 14:15:03,453 - robTrader.Scheduler - INFO - Strategy recommendation for ABBV: HOLD (Score: 0.09) | Price: 254.49
2026-07-20 14:15:03,561 - robTrader.Scheduler - INFO - Holding current position for ABBV.
2026-07-20 14:15:03,562 - robTrader.Scheduler - INFO - Analyzing ACN...
2026-07-20 14:15:03,803 - robTrader.Scheduler - INFO - Strategy recommendation for ACN: HOLD (Score: 0.04) | Price: 143.57
2026-07-20 14:15:03,912 - robTrader.Scheduler - INFO - Holding current position for ACN.
2026-07-20 14:15:03,912 - robTrader.Scheduler - INFO - Analyzing ADBE...
2026-07-20 14:15:04,140 - robTrader.Scheduler - INFO - Strategy recommendation for ADBE: HOLD (Score: 0.0) | Price: 237.25
2026-07-20 14:15:04,247 - robTrader.Scheduler - INFO - Holding current position for ADBE.
2026-07-20 14:15:04,247 - robTrader.Scheduler - INFO - Analyzing AMD...
2026-07-20 14:15:04,485 - robTrader.Scheduler - INFO - Strategy recommendation for AMD: HOLD (Score: 0.11) | Price: 495.76
2026-07-20 14:15:04,591 - robTrader.Scheduler - INFO - Holding current position for AMD.
2026-07-20 14:15:04,591 - robTrader.Scheduler - INFO - Analyzing AES...
2026-07-20 14:15:04,858 - robTrader.Scheduler - INFO - Strategy recommendation for AES: HOLD (Score: 0.11) | Price: 14.77
2026-07-20 14:15:04,980 - robTrader.Scheduler - INFO - Holding current position for AES.
2026-07-20 14:15:04,980 - robTrader.Scheduler - INFO - Analyzing AFL...
2026-07-20 14:15:05,200 - robTrader.Scheduler - INFO - Strategy recommendation for AFL: HOLD (Score: 0.0) | Price: 124.72
2026-07-20 14:15:05,309 - robTrader.Scheduler - INFO - Holding current position for AFL.
2026-07-20 14:15:05,309 - robTrader.Scheduler - INFO - Analyzing A...
2026-07-20 14:15:05,531 - robTrader.Scheduler - INFO - Strategy recommendation for A: HOLD (Score: 0.11) | Price: 131.46
2026-07-20 14:15:05,638 - robTrader.Scheduler - INFO - Holding current position for A.
2026-07-20 14:15:05,638 - robTrader.Scheduler - INFO - Analyzing APD...
2026-07-20 14:15:05,882 - robTrader.Scheduler - INFO - Strategy recommendation for APD: HOLD (Score: 0.07) | Price: 295.62
2026-07-20 14:15:05,987 - robTrader.Scheduler - INFO - Holding current position for APD.
2026-07-20 14:15:05,987 - robTrader.Scheduler - INFO - Analyzing ABNB...
2026-07-20 14:15:06,208 - robTrader.Scheduler - INFO - Strategy recommendation for ABNB: HOLD (Score: 0.07) | Price: 145.98
2026-07-20 14:15:06,318 - robTrader.Scheduler - INFO - Holding current position for ABNB.
2026-07-20 14:15:06,318 - robTrader.Scheduler - INFO - Analyzing AKAM...
2026-07-20 14:15:06,569 - robTrader.Scheduler - INFO - Strategy recommendation for AKAM: HOLD (Score: 0.0) | Price: 120.19
2026-07-20 14:15:06,682 - robTrader.Scheduler - INFO - Holding current position for AKAM.
2026-07-20 14:15:06,682 - robTrader.Scheduler - INFO - Analyzing ALB...
2026-07-20 14:15:06,946 - robTrader.Scheduler - INFO - Strategy recommendation for ALB: BUY (Score: 0.19) | Price: 120.78
2026-07-20 14:15:07,055 - robTrader.Scheduler - INFO - Skipping BUY order for ALB: Already has 1 pending order(s) active in broker.
2026-07-20 14:15:07,055 - robTrader.Scheduler - INFO - Analyzing ARE...
2026-07-20 14:15:07,304 - robTrader.Scheduler - INFO - Strategy recommendation for ARE: HOLD (Score: 0.11) | Price: 50.22
2026-07-20 14:15:07,413 - robTrader.Scheduler - INFO - Holding current position for ARE.
2026-07-20 14:15:07,414 - robTrader.Scheduler - INFO - Analyzing ALGN...
2026-07-20 14:15:07,682 - robTrader.Scheduler - INFO - Strategy recommendation for ALGN: HOLD (Score: 0.0) | Price: 176.76
2026-07-20 14:15:07,799 - robTrader.Scheduler - INFO - Holding current position for ALGN.
2026-07-20 14:15:07,800 - robTrader.Scheduler - INFO - Analyzing ALLE...
2026-07-20 14:15:08,042 - robTrader.Scheduler - INFO - Strategy recommendation for ALLE: HOLD (Score: 0.04) | Price: 137.24
2026-07-20 14:15:08,149 - robTrader.Scheduler - INFO - Holding current position for ALLE.
2026-07-20 14:15:08,150 - robTrader.Scheduler - INFO - Analyzing LNT...
2026-07-20 14:15:08,375 - robTrader.Scheduler - INFO - Strategy recommendation for LNT: HOLD (Score: 0.11) | Price: 74.82
2026-07-20 14:15:08,483 - robTrader.Scheduler - INFO - Holding current position for LNT.
2026-07-20 14:15:08,483 - robTrader.Scheduler - INFO - Analyzing ALL...
2026-07-20 14:15:08,710 - robTrader.Scheduler - INFO - Strategy recommendation for ALL: HOLD (Score: 0.11) | Price: 249.90
2026-07-20 14:15:08,819 - robTrader.Scheduler - INFO - Holding current position for ALL.
2026-07-20 14:15:08,819 - robTrader.Scheduler - INFO - Analyzing GOOGL...
2026-07-20 14:15:09,060 - robTrader.Scheduler - INFO - Strategy recommendation for GOOGL: HOLD (Score: 0.04) | Price: 346.77
2026-07-20 14:15:09,169 - robTrader.Scheduler - INFO - Holding current position for GOOGL.
2026-07-20 14:15:09,169 - robTrader.Scheduler - INFO - Analyzing GOOG...
2026-07-20 14:15:09,401 - robTrader.Scheduler - INFO - Strategy recommendation for GOOG: HOLD (Score: -0.04) | Price: 346.12
2026-07-20 14:15:09,510 - robTrader.Scheduler - INFO - Holding current position for GOOG.
2026-07-20 14:15:09,510 - robTrader.Scheduler - INFO - Analyzing MO...
2026-07-20 14:15:09,735 - robTrader.Scheduler - INFO - Strategy recommendation for MO: HOLD (Score: 0.11) | Price: 74.21
2026-07-20 14:15:09,842 - robTrader.Scheduler - INFO - Holding current position for MO.
2026-07-20 14:15:09,842 - robTrader.Scheduler - INFO - Analyzing AMZN...
2026-07-20 14:15:10,082 - robTrader.Scheduler - INFO - Strategy recommendation for AMZN: HOLD (Score: 0.04) | Price: 247.23
2026-07-20 14:15:10,190 - robTrader.Scheduler - INFO - Holding current position for AMZN.
2026-07-20 14:15:10,190 - robTrader.Scheduler - INFO - Analyzing AMCR...
2026-07-20 14:15:10,422 - robTrader.Scheduler - INFO - Strategy recommendation for AMCR: HOLD (Score: 0.07) | Price: 43.94
2026-07-20 14:15:10,530 - robTrader.Scheduler - INFO - Holding current position for AMCR.
2026-07-20 14:15:10,530 - robTrader.Scheduler - INFO - Analyzing AEE...
2026-07-20 14:15:10,760 - robTrader.Scheduler - INFO - Strategy recommendation for AEE: HOLD (Score: 0.11) | Price: 111.55
2026-07-20 14:15:10,870 - robTrader.Scheduler - INFO - Holding current position for AEE.
2026-07-20 14:15:10,870 - robTrader.Scheduler - INFO - Analyzing AEP...
2026-07-20 14:15:11,098 - robTrader.Scheduler - INFO - Strategy recommendation for AEP: HOLD (Score: 0.11) | Price: 132.14
2026-07-20 14:15:11,207 - robTrader.Scheduler - INFO - Holding current position for AEP.
2026-07-20 14:15:11,207 - robTrader.Scheduler - INFO - Analyzing AXP...
2026-07-20 14:15:11,480 - robTrader.Scheduler - INFO - Strategy recommendation for AXP: HOLD (Score: 0.07) | Price: 355.35
2026-07-20 14:15:11,588 - robTrader.Scheduler - INFO - Holding current position for AXP.
2026-07-20 14:15:11,588 - robTrader.Scheduler - INFO - Analyzing AIG...
2026-07-20 14:15:11,852 - robTrader.Scheduler - INFO - Strategy recommendation for AIG: BUY (Score: 0.15) | Price: 80.50
2026-07-20 14:15:11,960 - robTrader.Scheduler - INFO - Skipping BUY order for AIG: Already has 1 pending order(s) active in broker.
2026-07-20 14:15:11,960 - robTrader.Scheduler - INFO - Analyzing AMT...
2026-07-20 14:15:12,224 - robTrader.Scheduler - INFO - Strategy recommendation for AMT: HOLD (Score: 0.11) | Price: 170.06
2026-07-20 14:15:12,332 - robTrader.Scheduler - INFO - Holding current position for AMT.
2026-07-20 14:15:12,332 - robTrader.Scheduler - INFO - Analyzing AWK...
2026-07-20 14:15:12,576 - robTrader.Scheduler - INFO - Strategy recommendation for AWK: HOLD (Score: 0.04) | Price: 135.11
2026-07-20 14:15:12,687 - robTrader.Scheduler - INFO - Holding current position for AWK.
2026-07-20 14:15:12,687 - robTrader.Scheduler - INFO - Analyzing AMP...
2026-07-20 14:15:12,915 - robTrader.Scheduler - INFO - Strategy recommendation for AMP: HOLD (Score: 0.04) | Price: 527.87
2026-07-20 14:15:13,022 - robTrader.Scheduler - INFO - Holding current position for AMP.
2026-07-20 14:15:13,022 - robTrader.Scheduler - INFO - Analyzing AME...
2026-07-20 14:15:13,257 - robTrader.Scheduler - INFO - Strategy recommendation for AME: HOLD (Score: 0.07) | Price: 237.00
2026-07-20 14:15:13,371 - robTrader.Scheduler - INFO - Holding current position for AME.
2026-07-20 14:15:13,371 - robTrader.Scheduler - INFO - Analyzing AMGN...
2026-07-20 14:15:13,635 - robTrader.Scheduler - INFO - Strategy recommendation for AMGN: HOLD (Score: 0.04) | Price: 366.29
2026-07-20 14:15:13,746 - robTrader.Scheduler - INFO - Holding current position for AMGN.
2026-07-20 14:15:13,746 - robTrader.Scheduler - INFO - Analyzing APH...
2026-07-20 14:15:13,977 - robTrader.Scheduler - INFO - Strategy recommendation for APH: BUY (Score: 0.15) | Price: 151.20
2026-07-20 14:15:14,086 - robTrader.Scheduler - INFO - Skipping BUY order for APH: Already has 1 pending order(s) active in broker.
2026-07-20 14:15:14,086 - robTrader.Scheduler - INFO - Analyzing ADI...
2026-07-20 14:15:14,312 - robTrader.Scheduler - INFO - Strategy recommendation for ADI: HOLD (Score: 0.04) | Price: 375.36
2026-07-20 14:15:14,420 - robTrader.Scheduler - INFO - Holding current position for ADI.
2026-07-20 14:15:14,420 - robTrader.Scheduler - INFO - Analyzing AON...
2026-07-20 14:15:14,670 - robTrader.Scheduler - INFO - Strategy recommendation for AON: HOLD (Score: 0.11) | Price: 367.21
2026-07-20 14:15:14,779 - robTrader.Scheduler - INFO - Holding current position for AON.
2026-07-20 14:15:14,779 - robTrader.Scheduler - INFO - Analyzing APA...
2026-07-20 14:15:15,018 - robTrader.Scheduler - INFO - Strategy recommendation for APA: HOLD (Score: 0.11) | Price: 35.22
2026-07-20 14:15:15,130 - robTrader.Scheduler - INFO - Holding current position for APA.
2026-07-20 14:15:15,130 - robTrader.Scheduler - INFO - Analyzing APO...
2026-07-20 14:15:15,355 - robTrader.Scheduler - INFO - Strategy recommendation for APO: BUY (Score: 0.15) | Price: 120.47
2026-07-20 14:15:15,472 - robTrader.Scheduler - INFO - Skipping BUY order for APO: Already has 1 pending order(s) active in broker.
2026-07-20 14:15:15,473 - robTrader.Scheduler - INFO - Analyzing AAPL...
2026-07-20 14:15:15,720 - robTrader.Scheduler - INFO - Strategy recommendation for AAPL: HOLD (Score: 0.11) | Price: 333.74
2026-07-20 14:15:15,832 - robTrader.Scheduler - INFO - Holding current position for AAPL.
2026-07-20 14:15:15,832 - robTrader.Scheduler - INFO - Analyzing AMAT...
2026-07-20 14:15:16,086 - robTrader.Scheduler - INFO - Strategy recommendation for AMAT: HOLD (Score: 0.07) | Price: 529.66
2026-07-20 14:15:16,211 - robTrader.Scheduler - INFO - Holding current position for AMAT.
2026-07-20 14:15:16,212 - robTrader.Scheduler - INFO - Analyzing APP...
2026-07-20 14:15:16,456 - robTrader.Scheduler - INFO - Strategy recommendation for APP: HOLD (Score: 0.04) | Price: 424.54
2026-07-20 14:15:16,568 - robTrader.Scheduler - INFO - Holding current position for APP.
2026-07-20 14:15:16,569 - robTrader.Scheduler - INFO - Analyzing APTV...
2026-07-20 14:15:16,833 - robTrader.Scheduler - INFO - Strategy recommendation for APTV: HOLD (Score: 0.11) | Price: 57.47
2026-07-20 14:15:16,945 - robTrader.Scheduler - INFO - Holding current position for APTV.
2026-07-20 14:15:16,945 - robTrader.Scheduler - INFO - Analyzing ACGL...
2026-07-20 14:15:17,214 - robTrader.Scheduler - INFO - Strategy recommendation for ACGL: HOLD (Score: 0.04) | Price: 101.35
2026-07-20 14:15:17,329 - robTrader.Scheduler - INFO - Holding current position for ACGL.
2026-07-20 14:15:17,329 - robTrader.Scheduler - INFO - Analyzing ADM...
2026-07-20 14:15:17,616 - robTrader.Scheduler - INFO - Strategy recommendation for ADM: HOLD (Score: 0.07) | Price: 85.90
2026-07-20 14:15:17,744 - robTrader.Scheduler - INFO - Holding current position for ADM.
2026-07-20 14:15:17,744 - robTrader.Scheduler - INFO - Analyzing ARES...
2026-07-20 14:15:18,003 - robTrader.Scheduler - INFO - Strategy recommendation for ARES: BUY (Score: 0.15) | Price: 125.68
2026-07-20 14:15:18,124 - robTrader.Scheduler - INFO - Skipping BUY order for ARES: Already has 1 pending order(s) active in broker.
2026-07-20 14:15:18,124 - robTrader.Scheduler - INFO - Analyzing ANET...
2026-07-20 14:15:18,405 - robTrader.Scheduler - INFO - Strategy recommendation for ANET: HOLD (Score: 0.07) | Price: 168.61
2026-07-20 14:15:18,524 - robTrader.Scheduler - INFO - Holding current position for ANET.
2026-07-20 14:15:18,524 - robTrader.Scheduler - INFO - Analyzing AJG...
2026-07-20 14:15:18,771 - robTrader.Scheduler - INFO - Strategy recommendation for AJG: BUY (Score: 0.15) | Price: 253.90
2026-07-20 14:15:18,881 - robTrader.Scheduler - INFO - Skipping BUY order for AJG: Already has 1 pending order(s) active in broker.
2026-07-20 14:15:18,882 - robTrader.Scheduler - INFO - Analyzing AIZ...
2026-07-20 14:15:19,105 - robTrader.Scheduler - INFO - Strategy recommendation for AIZ: HOLD (Score: 0.11) | Price: 276.84
2026-07-20 14:15:19,215 - robTrader.Scheduler - INFO - Holding current position for AIZ.
2026-07-20 14:15:19,215 - robTrader.Scheduler - INFO - Analyzing T...
2026-07-20 14:15:19,473 - robTrader.Scheduler - INFO - Strategy recommendation for T: HOLD (Score: 0.04) | Price: 21.81
2026-07-20 14:15:19,579 - robTrader.Scheduler - INFO - Holding current position for T.
2026-07-20 14:15:19,579 - robTrader.Scheduler - INFO - Analyzing ATO...
2026-07-20 14:15:19,830 - robTrader.Scheduler - INFO - Strategy recommendation for ATO: HOLD (Score: 0.0) | Price: 177.68
2026-07-20 14:15:19,938 - robTrader.Scheduler - INFO - Holding current position for ATO.
2026-07-20 14:15:19,939 - robTrader.Scheduler - INFO - Analyzing BTCUSD...
2026-07-20 14:15:20,835 - robTrader.Scheduler - INFO - Strategy recommendation for BTCUSD: BUY (Score: 0.2) | Price: 64688.76
2026-07-20 14:15:20,947 - robTrader.Scheduler - INFO - Position size for BTCUSD already at or above maximum target size.
2026-07-20 14:15:20,948 - robTrader.Scheduler - INFO - Analyzing ETHUSD...
2026-07-20 14:15:21,193 - robTrader.Scheduler - INFO - Strategy recommendation for ETHUSD: HOLD (Score: 0.14) | Price: 1878.68
2026-07-20 14:15:21,301 - robTrader.Scheduler - INFO - Holding current position for ETHUSD.
2026-07-20 14:15:21,302 - robTrader.Scheduler - INFO - Analyzing SOLUSD...
2026-07-20 14:15:21,530 - robTrader.Scheduler - INFO - Strategy recommendation for SOLUSD: HOLD (Score: 0.12) | Price: 76.78
2026-07-20 14:15:21,639 - robTrader.Scheduler - INFO - Holding current position for SOLUSD.
2026-07-20 14:15:21,639 - robTrader.Scheduler - INFO - Analyzing LTCUSD...
2026-07-20 14:15:21,890 - robTrader.Scheduler - INFO - Strategy recommendation for LTCUSD: HOLD (Score: 0.06) | Price: 47.18
2026-07-20 14:15:22,000 - robTrader.Scheduler - INFO - Holding current position for LTCUSD.
2026-07-20 14:15:22,000 - robTrader.Scheduler - INFO - Analyzing DOGEUSD...
2026-07-20 14:15:22,240 - robTrader.Scheduler - INFO - Strategy recommendation for DOGEUSD: BUY (Score: 0.16) | Price: 0.07
2026-07-20 14:15:22,349 - robTrader.Scheduler - INFO - Position size for DOGEUSD already at or above maximum target size.
2026-07-20 14:15:22,349 - robTrader.Scheduler - INFO - Analyzing ADAUSD...
2026-07-20 14:15:22,617 - robTrader.Scheduler - INFO - Strategy recommendation for ADAUSD: HOLD (Score: -0.01) | Price: 0.16
2026-07-20 14:15:22,725 - robTrader.Scheduler - INFO - Holding current position for ADAUSD.
2026-07-20 14:15:22,725 - robTrader.Scheduler - INFO - Analyzing LINKUSD...
2026-07-20 14:15:22,998 - robTrader.Scheduler - INFO - Strategy recommendation for LINKUSD: HOLD (Score: -0.01) | Price: 8.47
2026-07-20 14:15:23,109 - robTrader.Scheduler - INFO - Holding current position for LINKUSD.
2026-07-20 14:15:23,120 - robTrader.Scheduler - INFO - Saved analysis metrics for 57 symbols to C:\Users\EM2025007512\.gemini\antigravity\scratch\robTrader\data_logs\analysis_state_alpaca_d86ffaae.json
2026-07-20 14:15:23,138 - robTrader.Scheduler - INFO - Spanish Tax Report generated successfully at: data_logs\spanish_tax_report_alpaca_d86ffaae.csv
2026-07-20 14:15:23,139 - robTrader.Scheduler - INFO - Net gains/losses: 0.0 EUR
2026-07-20 14:15:23,139 - robTrader.Scheduler - INFO - ------ Trading Cycle Finished ------
2026-07-20 14:15:24,456 - robTrader.Scheduler - INFO - Refreshed portfolio: Cash = 849564.31 | Total Value = 1000704.69
2026-07-20 14:15:34,890 - robTrader.Scheduler - INFO - Refreshed portfolio: Cash = 849564.31 | Total Value = 1000704.69
2026-07-20 14:15:45,312 - robTrader.Scheduler - INFO - Refreshed portfolio: Cash = 849564.31 | Total Value = 1000704.69
2026-07-20 14:15:55,744 - robTrader.Scheduler - INFO - Refreshed portfolio: Cash = 849564.31 | Total Value = 1000704.69
2026-07-20 14:16:06,186 - robTrader.Scheduler - INFO - Refreshed portfolio: Cash = 849564.31 | Total Value = 1000704.69
2026-07-20 14:16:16,616 - robTrader.Scheduler - INFO - Refreshed portfolio: Cash = 849564.31 | Total Value = 1000704.69
2026-07-20 14:16:27,063 - robTrader.Scheduler - INFO - Refreshed portfolio: Cash = 849564.31 | Total Value = 1000704.69
2026-07-20 14:16:37,492 - robTrader.Scheduler - INFO - Refreshed portfolio: Cash = 849564.31 | Total Value = 1000704.69
2026-07-20 14:16:47,946 - robTrader.Scheduler - INFO - Refreshed portfolio: Cash = 849564.31 | Total Value = 1000704.69
2026-07-20 14:16:57,060 - robTrader.Scheduler - INFO - ------ Starting Trading Cycle ------
2026-07-20 14:16:57,061 - robTrader.Scheduler - INFO - Signal Thresholds: BUY >= 0.15 | SELL <= -0.1
2026-07-20 14:16:58,145 - robTrader.Scheduler - INFO - Dynamically scanned market. Target symbols for this cycle: ['MMM', 'AOS', 'ABT', 'ABBV', 'ACN', 'ADBE', 'AMD', 'AES', 'AFL', 'A', 'APD', 'ABNB', 'AKAM', 'ALB', 'ARE', 'ALGN', 'ALLE', 'LNT', 'ALL', 'GOOGL', 'GOOG', 'MO', 'AMZN', 'AMCR', 'AEE', 'AEP', 'AXP', 'AIG', 'AMT', 'AWK', 'AMP', 'AME', 'AMGN', 'APH', 'ADI', 'AON', 'APA', 'APO', 'AAPL', 'AMAT', 'APP', 'APTV', 'ACGL', 'ADM', 'ARES', 'ANET', 'AJG', 'AIZ', 'T', 'ATO', 'BTCUSD', 'ETHUSD', 'SOLUSD', 'LTCUSD', 'DOGEUSD', 'ADAUSD', 'LINKUSD']
2026-07-20 14:16:58,572 - robTrader.Scheduler - INFO - Broker Cash: 849564.31 | Reserved in Pending Buys: 450220.83 | Estimated Available Cash: 399343.48
2026-07-20 14:16:58,572 - robTrader.Scheduler - INFO - Portfolio Value: 1000704.69 | Cash: 399343.48 | Open Positions: ['BTCUSD', 'DOGEUSD']
2026-07-20 14:16:58,573 - robTrader.Scheduler - INFO - Analyzing MMM...
2026-07-20 14:17:03,609 - robTrader.Scheduler - INFO - Strategy recommendation for MMM: HOLD (Score: 0.11) | Price: 159.84
2026-07-20 14:17:03,722 - robTrader.Scheduler - INFO - Holding current position for MMM.
2026-07-20 14:17:03,722 - robTrader.Scheduler - INFO - Analyzing AOS...
2026-07-20 14:17:03,982 - robTrader.Scheduler - INFO - Strategy recommendation for AOS: HOLD (Score: 0.07) | Price: 58.85
2026-07-20 14:17:04,092 - robTrader.Scheduler - INFO - Holding current position for AOS.
2026-07-20 14:17:04,092 - robTrader.Scheduler - INFO - Analyzing ABT...
2026-07-20 14:17:04,354 - robTrader.Scheduler - INFO - Strategy recommendation for ABT: BUY (Score: 0.19) | Price: 100.68
2026-07-20 14:17:04,466 - robTrader.Scheduler - INFO - Skipping BUY order for ABT: Already has 1 pending order(s) active in broker.
2026-07-20 14:17:04,466 - robTrader.Scheduler - INFO - Analyzing ABBV...
2026-07-20 14:17:04,730 - robTrader.Scheduler - INFO - Strategy recommendation for ABBV: HOLD (Score: 0.09) | Price: 254.49
2026-07-20 14:17:04,841 - robTrader.Scheduler - INFO - Holding current position for ABBV.
2026-07-20 14:17:04,841 - robTrader.Scheduler - INFO - Analyzing ACN...
2026-07-20 14:17:05,095 - robTrader.Scheduler - INFO - Strategy recommendation for ACN: HOLD (Score: 0.04) | Price: 143.57
2026-07-20 14:17:05,203 - robTrader.Scheduler - INFO - Holding current position for ACN.
2026-07-20 14:17:05,203 - robTrader.Scheduler - INFO - Analyzing ADBE...
2026-07-20 14:17:05,471 - robTrader.Scheduler - INFO - Strategy recommendation for ADBE: HOLD (Score: 0.0) | Price: 237.25
2026-07-20 14:17:05,581 - robTrader.Scheduler - INFO - Holding current position for ADBE.
2026-07-20 14:17:05,581 - robTrader.Scheduler - INFO - Analyzing AMD...
2026-07-20 14:17:05,843 - robTrader.Scheduler - INFO - Strategy recommendation for AMD: HOLD (Score: 0.11) | Price: 495.76
2026-07-20 14:17:05,957 - robTrader.Scheduler - INFO - Holding current position for AMD.
2026-07-20 14:17:05,957 - robTrader.Scheduler - INFO - Analyzing AES...
2026-07-20 14:17:06,209 - robTrader.Scheduler - INFO - Strategy recommendation for AES: HOLD (Score: 0.11) | Price: 14.77
2026-07-20 14:17:06,320 - robTrader.Scheduler - INFO - Holding current position for AES.
2026-07-20 14:17:06,321 - robTrader.Scheduler - INFO - Analyzing AFL...
2026-07-20 14:17:06,565 - robTrader.Scheduler - INFO - Strategy recommendation for AFL: HOLD (Score: 0.0) | Price: 124.72
2026-07-20 14:17:06,675 - robTrader.Scheduler - INFO - Holding current position for AFL.
2026-07-20 14:17:06,676 - robTrader.Scheduler - INFO - Analyzing A...
2026-07-20 14:17:06,940 - robTrader.Scheduler - INFO - Strategy recommendation for A: HOLD (Score: 0.11) | Price: 131.46
2026-07-20 14:17:07,053 - robTrader.Scheduler - INFO - Holding current position for A.
2026-07-20 14:17:07,054 - robTrader.Scheduler - INFO - Analyzing APD...
2026-07-20 14:17:07,310 - robTrader.Scheduler - INFO - Strategy recommendation for APD: HOLD (Score: 0.07) | Price: 295.62
2026-07-20 14:17:07,421 - robTrader.Scheduler - INFO - Holding current position for APD.
2026-07-20 14:17:07,422 - robTrader.Scheduler - INFO - Analyzing ABNB...
2026-07-20 14:17:07,717 - robTrader.Scheduler - INFO - Strategy recommendation for ABNB: HOLD (Score: 0.07) | Price: 145.98
2026-07-20 14:17:07,829 - robTrader.Scheduler - INFO - Holding current position for ABNB.
2026-07-20 14:17:07,830 - robTrader.Scheduler - INFO - Analyzing AKAM...
2026-07-20 14:17:08,089 - robTrader.Scheduler - INFO - Strategy recommendation for AKAM: HOLD (Score: 0.0) | Price: 120.19
2026-07-20 14:17:08,202 - robTrader.Scheduler - INFO - Holding current position for AKAM.
2026-07-20 14:17:08,202 - robTrader.Scheduler - INFO - Analyzing ALB...
2026-07-20 14:17:08,471 - robTrader.Scheduler - INFO - Strategy recommendation for ALB: BUY (Score: 0.19) | Price: 120.78
2026-07-20 14:17:08,580 - robTrader.Scheduler - INFO - Skipping BUY order for ALB: Already has 1 pending order(s) active in broker.
2026-07-20 14:17:08,581 - robTrader.Scheduler - INFO - Analyzing ARE...
2026-07-20 14:17:08,878 - robTrader.Scheduler - INFO - Strategy recommendation for ARE: HOLD (Score: 0.11) | Price: 50.22
2026-07-20 14:17:08,990 - robTrader.Scheduler - INFO - Holding current position for ARE.
2026-07-20 14:17:08,990 - robTrader.Scheduler - INFO - Analyzing ALGN...
2026-07-20 14:17:09,253 - robTrader.Scheduler - INFO - Strategy recommendation for ALGN: HOLD (Score: 0.0) | Price: 176.76
2026-07-20 14:17:09,367 - robTrader.Scheduler - INFO - Holding current position for ALGN.
2026-07-20 14:17:09,368 - robTrader.Scheduler - INFO - Analyzing ALLE...
2026-07-20 14:17:09,635 - robTrader.Scheduler - INFO - Strategy recommendation for ALLE: HOLD (Score: 0.04) | Price: 137.24
2026-07-20 14:17:09,748 - robTrader.Scheduler - INFO - Holding current position for ALLE.
2026-07-20 14:17:09,749 - robTrader.Scheduler - INFO - Analyzing LNT...
2026-07-20 14:17:10,011 - robTrader.Scheduler - INFO - Strategy recommendation for LNT: HOLD (Score: 0.11) | Price: 74.82
2026-07-20 14:17:10,124 - robTrader.Scheduler - INFO - Holding current position for LNT.
2026-07-20 14:17:10,124 - robTrader.Scheduler - INFO - Analyzing ALL...
2026-07-20 14:17:10,360 - robTrader.Scheduler - INFO - Strategy recommendation for ALL: HOLD (Score: 0.11) | Price: 249.90
2026-07-20 14:17:10,472 - robTrader.Scheduler - INFO - Holding current position for ALL.
2026-07-20 14:17:10,473 - robTrader.Scheduler - INFO - Analyzing GOOGL...
2026-07-20 14:17:10,720 - robTrader.Scheduler - INFO - Strategy recommendation for GOOGL: HOLD (Score: 0.04) | Price: 346.77
2026-07-20 14:17:10,832 - robTrader.Scheduler - INFO - Holding current position for GOOGL.
2026-07-20 14:17:10,833 - robTrader.Scheduler - INFO - Analyzing GOOG...
2026-07-20 14:17:11,095 - robTrader.Scheduler - INFO - Strategy recommendation for GOOG: HOLD (Score: -0.04) | Price: 346.12
2026-07-20 14:17:11,207 - robTrader.Scheduler - INFO - Holding current position for GOOG.
2026-07-20 14:17:11,207 - robTrader.Scheduler - INFO - Analyzing MO...
2026-07-20 14:17:11,461 - robTrader.Scheduler - INFO - Strategy recommendation for MO: HOLD (Score: 0.11) | Price: 74.21
2026-07-20 14:17:11,574 - robTrader.Scheduler - INFO - Holding current position for MO.
2026-07-20 14:17:11,574 - robTrader.Scheduler - INFO - Analyzing AMZN...
2026-07-20 14:17:11,835 - robTrader.Scheduler - INFO - Strategy recommendation for AMZN: HOLD (Score: 0.04) | Price: 247.23
2026-07-20 14:17:11,948 - robTrader.Scheduler - INFO - Holding current position for AMZN.
2026-07-20 14:17:11,948 - robTrader.Scheduler - INFO - Analyzing AMCR...
2026-07-20 14:17:12,215 - robTrader.Scheduler - INFO - Strategy recommendation for AMCR: HOLD (Score: 0.07) | Price: 43.94
2026-07-20 14:17:12,326 - robTrader.Scheduler - INFO - Holding current position for AMCR.
2026-07-20 14:17:12,327 - robTrader.Scheduler - INFO - Analyzing AEE...
2026-07-20 14:17:12,588 - robTrader.Scheduler - INFO - Strategy recommendation for AEE: HOLD (Score: 0.11) | Price: 111.55
2026-07-20 14:17:12,703 - robTrader.Scheduler - INFO - Holding current position for AEE.
2026-07-20 14:17:12,703 - robTrader.Scheduler - INFO - Analyzing AEP...
2026-07-20 14:17:12,971 - robTrader.Scheduler - INFO - Strategy recommendation for AEP: HOLD (Score: 0.11) | Price: 132.14
2026-07-20 14:17:13,085 - robTrader.Scheduler - INFO - Holding current position for AEP.
2026-07-20 14:17:13,086 - robTrader.Scheduler - INFO - Analyzing AXP...
2026-07-20 14:17:13,340 - robTrader.Scheduler - INFO - Strategy recommendation for AXP: HOLD (Score: 0.07) | Price: 355.35
2026-07-20 14:17:13,451 - robTrader.Scheduler - INFO - Holding current position for AXP.
2026-07-20 14:17:13,451 - robTrader.Scheduler - INFO - Analyzing AIG...
2026-07-20 14:17:13,712 - robTrader.Scheduler - INFO - Strategy recommendation for AIG: BUY (Score: 0.15) | Price: 80.50
2026-07-20 14:17:13,819 - robTrader.Scheduler - INFO - Skipping BUY order for AIG: Already has 1 pending order(s) active in broker.
2026-07-20 14:17:13,819 - robTrader.Scheduler - INFO - Analyzing AMT...
2026-07-20 14:17:14,067 - robTrader.Scheduler - INFO - Strategy recommendation for AMT: HOLD (Score: 0.11) | Price: 170.06
2026-07-20 14:17:14,180 - robTrader.Scheduler - INFO - Holding current position for AMT.
2026-07-20 14:17:14,181 - robTrader.Scheduler - INFO - Analyzing AWK...
2026-07-20 14:17:14,442 - robTrader.Scheduler - INFO - Strategy recommendation for AWK: HOLD (Score: 0.04) | Price: 135.11
2026-07-20 14:17:14,556 - robTrader.Scheduler - INFO - Holding current position for AWK.
2026-07-20 14:17:14,556 - robTrader.Scheduler - INFO - Analyzing AMP...
2026-07-20 14:17:14,793 - robTrader.Scheduler - INFO - Strategy recommendation for AMP: HOLD (Score: 0.04) | Price: 527.87
2026-07-20 14:17:14,901 - robTrader.Scheduler - INFO - Holding current position for AMP.
2026-07-20 14:17:14,901 - robTrader.Scheduler - INFO - Analyzing AME...
2026-07-20 14:17:15,126 - robTrader.Scheduler - INFO - Strategy recommendation for AME: HOLD (Score: 0.07) | Price: 237.00
2026-07-20 14:17:15,233 - robTrader.Scheduler - INFO - Holding current position for AME.
2026-07-20 14:17:15,233 - robTrader.Scheduler - INFO - Analyzing AMGN...
2026-07-20 14:17:15,482 - robTrader.Scheduler - INFO - Strategy recommendation for AMGN: HOLD (Score: 0.04) | Price: 366.29
2026-07-20 14:17:15,589 - robTrader.Scheduler - INFO - Holding current position for AMGN.
2026-07-20 14:17:15,589 - robTrader.Scheduler - INFO - Analyzing APH...
2026-07-20 14:17:15,836 - robTrader.Scheduler - INFO - Strategy recommendation for APH: BUY (Score: 0.15) | Price: 151.20
2026-07-20 14:17:15,944 - robTrader.Scheduler - INFO - Skipping BUY order for APH: Already has 1 pending order(s) active in broker.
2026-07-20 14:17:15,944 - robTrader.Scheduler - INFO - Analyzing ADI...
2026-07-20 14:17:16,201 - robTrader.Scheduler - INFO - Strategy recommendation for ADI: HOLD (Score: 0.04) | Price: 375.36
2026-07-20 14:17:16,308 - robTrader.Scheduler - INFO - Holding current position for ADI.
2026-07-20 14:17:16,309 - robTrader.Scheduler - INFO - Analyzing AON...
2026-07-20 14:17:16,560 - robTrader.Scheduler - INFO - Strategy recommendation for AON: HOLD (Score: 0.11) | Price: 367.21
2026-07-20 14:17:16,674 - robTrader.Scheduler - INFO - Holding current position for AON.
2026-07-20 14:17:16,675 - robTrader.Scheduler - INFO - Analyzing APA...
2026-07-20 14:17:16,942 - robTrader.Scheduler - INFO - Strategy recommendation for APA: HOLD (Score: 0.11) | Price: 35.22
2026-07-20 14:17:17,053 - robTrader.Scheduler - INFO - Holding current position for APA.
2026-07-20 14:17:17,053 - robTrader.Scheduler - INFO - Analyzing APO...
2026-07-20 14:17:17,314 - robTrader.Scheduler - INFO - Strategy recommendation for APO: BUY (Score: 0.15) | Price: 120.47
2026-07-20 14:17:17,436 - robTrader.Scheduler - INFO - Skipping BUY order for APO: Already has 1 pending order(s) active in broker.
2026-07-20 14:17:17,436 - robTrader.Scheduler - INFO - Analyzing AAPL...
2026-07-20 14:17:17,701 - robTrader.Scheduler - INFO - Strategy recommendation for AAPL: HOLD (Score: 0.11) | Price: 333.74
2026-07-20 14:17:17,816 - robTrader.Scheduler - INFO - Holding current position for AAPL.
2026-07-20 14:17:17,816 - robTrader.Scheduler - INFO - Analyzing AMAT...
2026-07-20 14:17:18,062 - robTrader.Scheduler - INFO - Strategy recommendation for AMAT: HOLD (Score: 0.07) | Price: 529.66
2026-07-20 14:17:18,174 - robTrader.Scheduler - INFO - Holding current position for AMAT.
2026-07-20 14:17:18,174 - robTrader.Scheduler - INFO - Analyzing APP...
2026-07-20 14:17:18,438 - robTrader.Scheduler - INFO - Strategy recommendation for APP: HOLD (Score: 0.04) | Price: 424.54
2026-07-20 14:17:18,552 - robTrader.Scheduler - INFO - Holding current position for APP.
2026-07-20 14:17:18,553 - robTrader.Scheduler - INFO - Analyzing APTV...
2026-07-20 14:17:18,811 - robTrader.Scheduler - INFO - Strategy recommendation for APTV: HOLD (Score: 0.11) | Price: 57.47
2026-07-20 14:17:18,924 - robTrader.Scheduler - INFO - Holding current position for APTV.
2026-07-20 14:17:18,925 - robTrader.Scheduler - INFO - Analyzing ACGL...
2026-07-20 14:17:19,234 - robTrader.Scheduler - INFO - Strategy recommendation for ACGL: HOLD (Score: 0.04) | Price: 101.35
2026-07-20 14:17:19,344 - robTrader.Scheduler - INFO - Holding current position for ACGL.
2026-07-20 14:17:19,344 - robTrader.Scheduler - INFO - Analyzing ADM...
2026-07-20 14:17:19,597 - robTrader.Scheduler - INFO - Strategy recommendation for ADM: HOLD (Score: 0.07) | Price: 85.90
2026-07-20 14:17:19,709 - robTrader.Scheduler - INFO - Holding current position for ADM.
2026-07-20 14:17:19,709 - robTrader.Scheduler - INFO - Analyzing ARES...
2026-07-20 14:17:19,983 - robTrader.Scheduler - INFO - Strategy recommendation for ARES: BUY (Score: 0.15) | Price: 125.68
2026-07-20 14:17:20,088 - robTrader.Scheduler - INFO - Skipping BUY order for ARES: Already has 1 pending order(s) active in broker.
2026-07-20 14:17:20,088 - robTrader.Scheduler - INFO - Analyzing ANET...
2026-07-20 14:17:20,339 - robTrader.Scheduler - INFO - Strategy recommendation for ANET: HOLD (Score: 0.07) | Price: 168.61
2026-07-20 14:17:20,446 - robTrader.Scheduler - INFO - Holding current position for ANET.
2026-07-20 14:17:20,446 - robTrader.Scheduler - INFO - Analyzing AJG...
2026-07-20 14:17:20,712 - robTrader.Scheduler - INFO - Strategy recommendation for AJG: BUY (Score: 0.15) | Price: 253.90
2026-07-20 14:17:20,818 - robTrader.Scheduler - INFO - Skipping BUY order for AJG: Already has 1 pending order(s) active in broker.
2026-07-20 14:17:20,818 - robTrader.Scheduler - INFO - Analyzing AIZ...
2026-07-20 14:17:21,052 - robTrader.Scheduler - INFO - Strategy recommendation for AIZ: HOLD (Score: 0.11) | Price: 276.84
2026-07-20 14:17:21,159 - robTrader.Scheduler - INFO - Holding current position for AIZ.
2026-07-20 14:17:21,159 - robTrader.Scheduler - INFO - Analyzing T...
2026-07-20 14:17:21,426 - robTrader.Scheduler - INFO - Strategy recommendation for T: HOLD (Score: 0.04) | Price: 21.81
2026-07-20 14:17:21,540 - robTrader.Scheduler - INFO - Holding current position for T.
2026-07-20 14:17:21,540 - robTrader.Scheduler - INFO - Analyzing ATO...
2026-07-20 14:17:21,801 - robTrader.Scheduler - INFO - Strategy recommendation for ATO: HOLD (Score: 0.0) | Price: 177.68
2026-07-20 14:17:21,913 - robTrader.Scheduler - INFO - Holding current position for ATO.
2026-07-20 14:17:21,914 - robTrader.Scheduler - INFO - Analyzing BTCUSD...
2026-07-20 14:17:22,899 - robTrader.Scheduler - INFO - Strategy recommendation for BTCUSD: BUY (Score: 0.2) | Price: 64750.50
2026-07-20 14:17:23,010 - robTrader.Scheduler - INFO - Position size for BTCUSD already at or above maximum target size.
2026-07-20 14:17:23,011 - robTrader.Scheduler - INFO - Analyzing ETHUSD...
2026-07-20 14:17:23,286 - robTrader.Scheduler - INFO - Strategy recommendation for ETHUSD: HOLD (Score: 0.14) | Price: 1879.78
2026-07-20 14:17:23,397 - robTrader.Scheduler - INFO - Holding current position for ETHUSD.
2026-07-20 14:17:23,397 - robTrader.Scheduler - INFO - Analyzing SOLUSD...
2026-07-20 14:17:23,658 - robTrader.Scheduler - INFO - Strategy recommendation for SOLUSD: HOLD (Score: 0.12) | Price: 76.83
2026-07-20 14:17:23,769 - robTrader.Scheduler - INFO - Holding current position for SOLUSD.
2026-07-20 14:17:23,769 - robTrader.Scheduler - INFO - Analyzing LTCUSD...
2026-07-20 14:17:24,044 - robTrader.Scheduler - INFO - Strategy recommendation for LTCUSD: HOLD (Score: 0.06) | Price: 47.18
2026-07-20 14:17:24,158 - robTrader.Scheduler - INFO - Holding current position for LTCUSD.
2026-07-20 14:17:24,158 - robTrader.Scheduler - INFO - Analyzing DOGEUSD...
2026-07-20 14:17:24,412 - robTrader.Scheduler - INFO - Strategy recommendation for DOGEUSD: BUY (Score: 0.16) | Price: 0.07
2026-07-20 14:17:24,520 - robTrader.Scheduler - INFO - Position size for DOGEUSD already at or above maximum target size.
2026-07-20 14:17:24,521 - robTrader.Scheduler - INFO - Analyzing ADAUSD...
2026-07-20 14:17:24,782 - robTrader.Scheduler - INFO - Strategy recommendation for ADAUSD: HOLD (Score: -0.01) | Price: 0.16
2026-07-20 14:17:24,891 - robTrader.Scheduler - INFO - Holding current position for ADAUSD.
2026-07-20 14:17:24,892 - robTrader.Scheduler - INFO - Analyzing LINKUSD...
2026-07-20 14:17:25,146 - robTrader.Scheduler - INFO - Strategy recommendation for LINKUSD: HOLD (Score: -0.01) | Price: 8.47
2026-07-20 14:17:25,250 - robTrader.Scheduler - INFO - Holding current position for LINKUSD.
2026-07-20 14:17:25,254 - robTrader.Scheduler - INFO - Saved analysis metrics for 57 symbols to C:\Users\EM2025007512\.gemini\antigravity\scratch\robTrader\data_logs\analysis_state_alpaca_d86ffaae.json
2026-07-20 14:17:25,261 - robTrader.Scheduler - INFO - Spanish Tax Report generated successfully at: data_logs\spanish_tax_report_alpaca_d86ffaae.csv
2026-07-20 14:17:25,262 - robTrader.Scheduler - INFO - Net gains/losses: 0.0 EUR
2026-07-20 14:17:25,262 - robTrader.Scheduler - INFO - ------ Trading Cycle Finished ------
2026-07-20 14:17:26,587 - robTrader.Scheduler - INFO - Refreshed portfolio: Cash = 849564.31 | Total Value = 1000473.40
2026-07-20 14:17:37,040 - robTrader.Scheduler - INFO - Refreshed portfolio: Cash = 849564.31 | Total Value = 1000473.40
2026-07-20 14:17:47,485 - robTrader.Scheduler - INFO - Refreshed portfolio: Cash = 849564.31 | Total Value = 1000473.40
2026-07-20 14:17:57,931 - robTrader.Scheduler - INFO - Refreshed portfolio: Cash = 849564.31 | Total Value = 1000473.40
2026-07-20 14:18:08,380 - robTrader.Scheduler - INFO - Refreshed portfolio: Cash = 849564.31 | Total Value = 1000473.40
2026-07-20 14:18:18,874 - robTrader.Scheduler - INFO - Refreshed portfolio: Cash = 849564.31 | Total Value = 1000473.40
2026-07-20 14:18:29,321 - robTrader.Scheduler - INFO - Refreshed portfolio: Cash = 849564.31 | Total Value = 1000473.40
2026-07-20 14:18:39,766 - robTrader.Scheduler - INFO - Refreshed portfolio: Cash = 849564.31 | Total Value = 1000473.40
2026-07-20 14:18:50,191 - robTrader.Scheduler - INFO - Refreshed portfolio: Cash = 849564.31 | Total Value = 1000463.98
2026-07-20 14:18:57,309 - robTrader.Scheduler - INFO - ------ Starting Trading Cycle ------
2026-07-20 14:18:57,310 - robTrader.Scheduler - INFO - Signal Thresholds: BUY >= 0.15 | SELL <= -0.1
2026-07-20 14:18:58,372 - robTrader.Scheduler - INFO - Dynamically scanned market. Target symbols for this cycle: ['MMM', 'AOS', 'ABT', 'ABBV', 'ACN', 'ADBE', 'AMD', 'AES', 'AFL', 'A', 'APD', 'ABNB', 'AKAM', 'ALB', 'ARE', 'ALGN', 'ALLE', 'LNT', 'ALL', 'GOOGL', 'GOOG', 'MO', 'AMZN', 'AMCR', 'AEE', 'AEP', 'AXP', 'AIG', 'AMT', 'AWK', 'AMP', 'AME', 'AMGN', 'APH', 'ADI', 'AON', 'APA', 'APO', 'AAPL', 'AMAT', 'APP', 'APTV', 'ACGL', 'ADM', 'ARES', 'ANET', 'AJG', 'AIZ', 'T', 'ATO', 'BTCUSD', 'ETHUSD', 'SOLUSD', 'LTCUSD', 'DOGEUSD', 'ADAUSD', 'LINKUSD']
2026-07-20 14:18:58,801 - robTrader.Scheduler - INFO - Broker Cash: 849564.31 | Reserved in Pending Buys: 450220.83 | Estimated Available Cash: 399343.48
2026-07-20 14:18:58,801 - robTrader.Scheduler - INFO - Portfolio Value: 1000463.98 | Cash: 399343.48 | Open Positions: ['BTCUSD', 'DOGEUSD']
2026-07-20 14:18:58,801 - robTrader.Scheduler - INFO - Analyzing MMM...
2026-07-20 14:19:03,447 - robTrader.Scheduler - INFO - Strategy recommendation for MMM: HOLD (Score: 0.11) | Price: 159.84
2026-07-20 14:19:03,564 - robTrader.Scheduler - INFO - Holding current position for MMM.
2026-07-20 14:19:03,564 - robTrader.Scheduler - INFO - Analyzing AOS...
2026-07-20 14:19:03,816 - robTrader.Scheduler - INFO - Strategy recommendation for AOS: HOLD (Score: 0.07) | Price: 58.85
2026-07-20 14:19:03,922 - robTrader.Scheduler - INFO - Holding current position for AOS.
2026-07-20 14:19:03,922 - robTrader.Scheduler - INFO - Analyzing ABT...
2026-07-20 14:19:04,151 - robTrader.Scheduler - INFO - Strategy recommendation for ABT: BUY (Score: 0.19) | Price: 100.68
2026-07-20 14:19:04,257 - robTrader.Scheduler - INFO - Skipping BUY order for ABT: Already has 1 pending order(s) active in broker.
2026-07-20 14:19:04,257 - robTrader.Scheduler - INFO - Analyzing ABBV...
2026-07-20 14:19:04,482 - robTrader.Scheduler - INFO - Strategy recommendation for ABBV: HOLD (Score: 0.09) | Price: 254.49
2026-07-20 14:19:04,592 - robTrader.Scheduler - INFO - Holding current position for ABBV.
2026-07-20 14:19:04,592 - robTrader.Scheduler - INFO - Analyzing ACN...
2026-07-20 14:19:04,817 - robTrader.Scheduler - INFO - Strategy recommendation for ACN: HOLD (Score: 0.04) | Price: 143.57
2026-07-20 14:19:04,924 - robTrader.Scheduler - INFO - Holding current position for ACN.
2026-07-20 14:19:04,924 - robTrader.Scheduler - INFO - Analyzing ADBE...
2026-07-20 14:19:05,169 - robTrader.Scheduler - INFO - Strategy recommendation for ADBE: HOLD (Score: 0.0) | Price: 237.25
2026-07-20 14:19:05,275 - robTrader.Scheduler - INFO - Holding current position for ADBE.
2026-07-20 14:19:05,275 - robTrader.Scheduler - INFO - Analyzing AMD...
2026-07-20 14:19:05,512 - robTrader.Scheduler - INFO - Strategy recommendation for AMD: HOLD (Score: 0.11) | Price: 495.76
2026-07-20 14:19:05,620 - robTrader.Scheduler - INFO - Holding current position for AMD.
2026-07-20 14:19:05,620 - robTrader.Scheduler - INFO - Analyzing AES...
2026-07-20 14:19:05,846 - robTrader.Scheduler - INFO - Strategy recommendation for AES: HOLD (Score: 0.11) | Price: 14.77
2026-07-20 14:19:05,956 - robTrader.Scheduler - INFO - Holding current position for AES.
2026-07-20 14:19:05,956 - robTrader.Scheduler - INFO - Analyzing AFL...
2026-07-20 14:19:06,193 - robTrader.Scheduler - INFO - Strategy recommendation for AFL: HOLD (Score: 0.0) | Price: 124.72
2026-07-20 14:19:06,296 - robTrader.Scheduler - INFO - Holding current position for AFL.
2026-07-20 14:19:06,297 - robTrader.Scheduler - INFO - Analyzing A...
2026-07-20 14:19:06,530 - robTrader.Scheduler - INFO - Strategy recommendation for A: HOLD (Score: 0.11) | Price: 131.46
2026-07-20 14:19:06,641 - robTrader.Scheduler - INFO - Holding current position for A.
2026-07-20 14:19:06,641 - robTrader.Scheduler - INFO - Analyzing APD...
2026-07-20 14:19:06,868 - robTrader.Scheduler - INFO - Strategy recommendation for APD: HOLD (Score: 0.07) | Price: 295.62
2026-07-20 14:19:06,978 - robTrader.Scheduler - INFO - Holding current position for APD.
2026-07-20 14:19:06,978 - robTrader.Scheduler - INFO - Analyzing ABNB...
2026-07-20 14:19:07,237 - robTrader.Scheduler - INFO - Strategy recommendation for ABNB: HOLD (Score: 0.07) | Price: 145.98
2026-07-20 14:19:07,346 - robTrader.Scheduler - INFO - Holding current position for ABNB.
2026-07-20 14:19:07,347 - robTrader.Scheduler - INFO - Analyzing AKAM...
2026-07-20 14:19:07,616 - robTrader.Scheduler - INFO - Strategy recommendation for AKAM: HOLD (Score: 0.0) | Price: 120.19
2026-07-20 14:19:07,734 - robTrader.Scheduler - INFO - Holding current position for AKAM.
2026-07-20 14:19:07,735 - robTrader.Scheduler - INFO - Analyzing ALB...
2026-07-20 14:19:07,989 - robTrader.Scheduler - INFO - Strategy recommendation for ALB: BUY (Score: 0.19) | Price: 120.78
2026-07-20 14:19:08,093 - robTrader.Scheduler - INFO - Skipping BUY order for ALB: Already has 1 pending order(s) active in broker.
2026-07-20 14:19:08,093 - robTrader.Scheduler - INFO - Analyzing ARE...
2026-07-20 14:19:08,324 - robTrader.Scheduler - INFO - Strategy recommendation for ARE: HOLD (Score: 0.11) | Price: 50.22
2026-07-20 14:19:08,432 - robTrader.Scheduler - INFO - Holding current position for ARE.
2026-07-20 14:19:08,433 - robTrader.Scheduler - INFO - Analyzing ALGN...
2026-07-20 14:19:08,737 - robTrader.Scheduler - INFO - Strategy recommendation for ALGN: HOLD (Score: 0.0) | Price: 176.76
2026-07-20 14:19:08,843 - robTrader.Scheduler - INFO - Holding current position for ALGN.
2026-07-20 14:19:08,843 - robTrader.Scheduler - INFO - Analyzing ALLE...
2026-07-20 14:19:09,062 - robTrader.Scheduler - INFO - Strategy recommendation for ALLE: HOLD (Score: 0.04) | Price: 137.24
2026-07-20 14:19:09,168 - robTrader.Scheduler - INFO - Holding current position for ALLE.
2026-07-20 14:19:09,168 - robTrader.Scheduler - INFO - Analyzing LNT...
2026-07-20 14:19:09,391 - robTrader.Scheduler - INFO - Strategy recommendation for LNT: HOLD (Score: 0.11) | Price: 74.82
2026-07-20 14:19:09,497 - robTrader.Scheduler - INFO - Holding current position for LNT.
2026-07-20 14:19:09,497 - robTrader.Scheduler - INFO - Analyzing ALL...
2026-07-20 14:19:09,720 - robTrader.Scheduler - INFO - Strategy recommendation for ALL: HOLD (Score: 0.11) | Price: 249.90
2026-07-20 14:19:09,825 - robTrader.Scheduler - INFO - Holding current position for ALL.
2026-07-20 14:19:09,825 - robTrader.Scheduler - INFO - Analyzing GOOGL...
2026-07-20 14:19:10,053 - robTrader.Scheduler - INFO - Strategy recommendation for GOOGL: HOLD (Score: 0.04) | Price: 346.77
2026-07-20 14:19:10,163 - robTrader.Scheduler - INFO - Holding current position for GOOGL.
2026-07-20 14:19:10,163 - robTrader.Scheduler - INFO - Analyzing GOOG...
2026-07-20 14:19:10,384 - robTrader.Scheduler - INFO - Strategy recommendation for GOOG: HOLD (Score: -0.04) | Price: 346.12
2026-07-20 14:19:10,489 - robTrader.Scheduler - INFO - Holding current position for GOOG.
2026-07-20 14:19:10,490 - robTrader.Scheduler - INFO - Analyzing MO...
2026-07-20 14:19:10,713 - robTrader.Scheduler - INFO - Strategy recommendation for MO: HOLD (Score: 0.11) | Price: 74.21
2026-07-20 14:19:10,819 - robTrader.Scheduler - INFO - Holding current position for MO.
2026-07-20 14:19:10,819 - robTrader.Scheduler - INFO - Analyzing AMZN...
2026-07-20 14:19:11,066 - robTrader.Scheduler - INFO - Strategy recommendation for AMZN: HOLD (Score: 0.04) | Price: 247.23
2026-07-20 14:19:11,176 - robTrader.Scheduler - INFO - Holding current position for AMZN.
2026-07-20 14:19:11,176 - robTrader.Scheduler - INFO - Analyzing AMCR...
2026-07-20 14:19:11,407 - robTrader.Scheduler - INFO - Strategy recommendation for AMCR: HOLD (Score: 0.07) | Price: 43.94
2026-07-20 14:19:11,514 - robTrader.Scheduler - INFO - Holding current position for AMCR.
2026-07-20 14:19:11,514 - robTrader.Scheduler - INFO - Analyzing AEE...
2026-07-20 14:19:11,808 - robTrader.Scheduler - INFO - Strategy recommendation for AEE: HOLD (Score: 0.11) | Price: 111.55
2026-07-20 14:19:11,919 - robTrader.Scheduler - INFO - Holding current position for AEE.
2026-07-20 14:19:11,920 - robTrader.Scheduler - INFO - Analyzing AEP...
2026-07-20 14:19:12,176 - robTrader.Scheduler - INFO - Strategy recommendation for AEP: HOLD (Score: 0.11) | Price: 132.14
2026-07-20 14:19:12,288 - robTrader.Scheduler - INFO - Holding current position for AEP.
2026-07-20 14:19:12,288 - robTrader.Scheduler - INFO - Analyzing AXP...
2026-07-20 14:19:12,547 - robTrader.Scheduler - INFO - Strategy recommendation for AXP: HOLD (Score: 0.07) | Price: 355.35
2026-07-20 14:19:12,661 - robTrader.Scheduler - INFO - Holding current position for AXP.
2026-07-20 14:19:12,661 - robTrader.Scheduler - INFO - Analyzing AIG...
2026-07-20 14:19:12,928 - robTrader.Scheduler - INFO - Strategy recommendation for AIG: BUY (Score: 0.15) | Price: 80.50
2026-07-20 14:19:13,042 - robTrader.Scheduler - INFO - Skipping BUY order for AIG: Already has 1 pending order(s) active in broker.
2026-07-20 14:19:13,042 - robTrader.Scheduler - INFO - Analyzing AMT...
2026-07-20 14:19:13,288 - robTrader.Scheduler - INFO - Strategy recommendation for AMT: HOLD (Score: 0.11) | Price: 170.06
2026-07-20 14:19:13,397 - robTrader.Scheduler - INFO - Holding current position for AMT.
2026-07-20 14:19:13,397 - robTrader.Scheduler - INFO - Analyzing AWK...
2026-07-20 14:19:13,619 - robTrader.Scheduler - INFO - Strategy recommendation for AWK: HOLD (Score: 0.04) | Price: 135.11
2026-07-20 14:19:13,726 - robTrader.Scheduler - INFO - Holding current position for AWK.
2026-07-20 14:19:13,726 - robTrader.Scheduler - INFO - Analyzing AMP...
2026-07-20 14:19:13,948 - robTrader.Scheduler - INFO - Strategy recommendation for AMP: HOLD (Score: 0.04) | Price: 527.87
2026-07-20 14:19:14,055 - robTrader.Scheduler - INFO - Holding current position for AMP.
2026-07-20 14:19:14,055 - robTrader.Scheduler - INFO - Analyzing AME...
2026-07-20 14:19:14,278 - robTrader.Scheduler - INFO - Strategy recommendation for AME: HOLD (Score: 0.07) | Price: 237.00
2026-07-20 14:19:14,385 - robTrader.Scheduler - INFO - Holding current position for AME.
2026-07-20 14:19:14,386 - robTrader.Scheduler - INFO - Analyzing AMGN...
2026-07-20 14:19:14,627 - robTrader.Scheduler - INFO - Strategy recommendation for AMGN: HOLD (Score: 0.04) | Price: 366.29
2026-07-20 14:19:14,735 - robTrader.Scheduler - INFO - Holding current position for AMGN.
2026-07-20 14:19:14,736 - robTrader.Scheduler - INFO - Analyzing APH...
2026-07-20 14:19:14,955 - robTrader.Scheduler - INFO - Strategy recommendation for APH: BUY (Score: 0.15) | Price: 151.20
2026-07-20 14:19:15,061 - robTrader.Scheduler - INFO - Skipping BUY order for APH: Already has 1 pending order(s) active in broker.
2026-07-20 14:19:15,061 - robTrader.Scheduler - INFO - Analyzing ADI...
2026-07-20 14:19:15,291 - robTrader.Scheduler - INFO - Strategy recommendation for ADI: HOLD (Score: 0.04) | Price: 375.36
2026-07-20 14:19:15,398 - robTrader.Scheduler - INFO - Holding current position for ADI.
2026-07-20 14:19:15,398 - robTrader.Scheduler - INFO - Analyzing AON...
2026-07-20 14:19:15,644 - robTrader.Scheduler - INFO - Strategy recommendation for AON: HOLD (Score: 0.11) | Price: 367.21
2026-07-20 14:19:15,749 - robTrader.Scheduler - INFO - Holding current position for AON.
2026-07-20 14:19:15,749 - robTrader.Scheduler - INFO - Analyzing APA...
2026-07-20 14:19:15,974 - robTrader.Scheduler - INFO - Strategy recommendation for APA: HOLD (Score: 0.11) | Price: 35.22
2026-07-20 14:19:16,085 - robTrader.Scheduler - INFO - Holding current position for APA.
2026-07-20 14:19:16,085 - robTrader.Scheduler - INFO - Analyzing APO...
2026-07-20 14:19:16,318 - robTrader.Scheduler - INFO - Strategy recommendation for APO: BUY (Score: 0.15) | Price: 120.47
2026-07-20 14:19:16,430 - robTrader.Scheduler - INFO - Skipping BUY order for APO: Already has 1 pending order(s) active in broker.
2026-07-20 14:19:16,430 - robTrader.Scheduler - INFO - Analyzing AAPL...
2026-07-20 14:19:16,684 - robTrader.Scheduler - INFO - Strategy recommendation for AAPL: HOLD (Score: 0.11) | Price: 333.74
2026-07-20 14:19:16,790 - robTrader.Scheduler - INFO - Holding current position for AAPL.
2026-07-20 14:19:16,790 - robTrader.Scheduler - INFO - Analyzing AMAT...
2026-07-20 14:19:17,053 - robTrader.Scheduler - INFO - Strategy recommendation for AMAT: HOLD (Score: 0.07) | Price: 529.66
2026-07-20 14:19:17,165 - robTrader.Scheduler - INFO - Holding current position for AMAT.
2026-07-20 14:19:17,166 - robTrader.Scheduler - INFO - Analyzing APP...
2026-07-20 14:19:17,428 - robTrader.Scheduler - INFO - Strategy recommendation for APP: HOLD (Score: 0.04) | Price: 424.54
2026-07-20 14:19:17,541 - robTrader.Scheduler - INFO - Holding current position for APP.
2026-07-20 14:19:17,541 - robTrader.Scheduler - INFO - Analyzing APTV...
2026-07-20 14:19:17,804 - robTrader.Scheduler - INFO - Strategy recommendation for APTV: HOLD (Score: 0.11) | Price: 57.47
2026-07-20 14:19:17,915 - robTrader.Scheduler - INFO - Holding current position for APTV.
2026-07-20 14:19:17,915 - robTrader.Scheduler - INFO - Analyzing ACGL...
2026-07-20 14:19:18,187 - robTrader.Scheduler - INFO - Strategy recommendation for ACGL: HOLD (Score: 0.04) | Price: 101.35
2026-07-20 14:19:18,301 - robTrader.Scheduler - INFO - Holding current position for ACGL.
2026-07-20 14:19:18,301 - robTrader.Scheduler - INFO - Analyzing ADM...
2026-07-20 14:19:18,553 - robTrader.Scheduler - INFO - Strategy recommendation for ADM: HOLD (Score: 0.07) | Price: 85.90
2026-07-20 14:19:18,663 - robTrader.Scheduler - INFO - Holding current position for ADM.
2026-07-20 14:19:18,663 - robTrader.Scheduler - INFO - Analyzing ARES...
2026-07-20 14:19:18,912 - robTrader.Scheduler - INFO - Strategy recommendation for ARES: BUY (Score: 0.15) | Price: 125.68
2026-07-20 14:19:19,019 - robTrader.Scheduler - INFO - Skipping BUY order for ARES: Already has 1 pending order(s) active in broker.
2026-07-20 14:19:19,019 - robTrader.Scheduler - INFO - Analyzing ANET...
2026-07-20 14:19:19,264 - robTrader.Scheduler - INFO - Strategy recommendation for ANET: HOLD (Score: 0.07) | Price: 168.61
2026-07-20 14:19:19,373 - robTrader.Scheduler - INFO - Holding current position for ANET.
2026-07-20 14:19:19,373 - robTrader.Scheduler - INFO - Analyzing AJG...
2026-07-20 14:19:19,625 - robTrader.Scheduler - INFO - Strategy recommendation for AJG: BUY (Score: 0.15) | Price: 253.90
2026-07-20 14:19:19,732 - robTrader.Scheduler - INFO - Skipping BUY order for AJG: Already has 1 pending order(s) active in broker.
2026-07-20 14:19:19,733 - robTrader.Scheduler - INFO - Analyzing AIZ...
2026-07-20 14:19:19,979 - robTrader.Scheduler - INFO - Strategy recommendation for AIZ: HOLD (Score: 0.11) | Price: 276.84
2026-07-20 14:19:20,090 - robTrader.Scheduler - INFO - Holding current position for AIZ.
2026-07-20 14:19:20,090 - robTrader.Scheduler - INFO - Analyzing T...
2026-07-20 14:19:20,337 - robTrader.Scheduler - INFO - Strategy recommendation for T: HOLD (Score: 0.04) | Price: 21.81
2026-07-20 14:19:20,442 - robTrader.Scheduler - INFO - Holding current position for T.
2026-07-20 14:19:20,442 - robTrader.Scheduler - INFO - Analyzing ATO...
2026-07-20 14:19:20,680 - robTrader.Scheduler - INFO - Strategy recommendation for ATO: HOLD (Score: 0.0) | Price: 177.68
2026-07-20 14:19:20,792 - robTrader.Scheduler - INFO - Holding current position for ATO.
2026-07-20 14:19:20,792 - robTrader.Scheduler - INFO - Analyzing BTCUSD...
2026-07-20 14:19:21,715 - robTrader.Scheduler - INFO - Strategy recommendation for BTCUSD: BUY (Score: 0.2) | Price: 64673.29
2026-07-20 14:19:21,843 - robTrader.Scheduler - INFO - Position size for BTCUSD already at or above maximum target size.
2026-07-20 14:19:21,843 - robTrader.Scheduler - INFO - Analyzing ETHUSD...
2026-07-20 14:19:22,085 - robTrader.Scheduler - INFO - Strategy recommendation for ETHUSD: HOLD (Score: 0.14) | Price: 1878.64
2026-07-20 14:19:22,199 - robTrader.Scheduler - INFO - Holding current position for ETHUSD.
2026-07-20 14:19:22,200 - robTrader.Scheduler - INFO - Analyzing SOLUSD...
2026-07-20 14:19:22,451 - robTrader.Scheduler - INFO - Strategy recommendation for SOLUSD: HOLD (Score: 0.12) | Price: 76.82
2026-07-20 14:19:22,558 - robTrader.Scheduler - INFO - Holding current position for SOLUSD.
2026-07-20 14:19:22,559 - robTrader.Scheduler - INFO - Analyzing LTCUSD...
2026-07-20 14:19:22,797 - robTrader.Scheduler - INFO - Strategy recommendation for LTCUSD: HOLD (Score: 0.06) | Price: 47.18
2026-07-20 14:19:22,904 - robTrader.Scheduler - INFO - Holding current position for LTCUSD.
2026-07-20 14:19:22,904 - robTrader.Scheduler - INFO - Analyzing DOGEUSD...
2026-07-20 14:19:23,142 - robTrader.Scheduler - INFO - Strategy recommendation for DOGEUSD: BUY (Score: 0.16) | Price: 0.07
2026-07-20 14:19:23,254 - robTrader.Scheduler - INFO - Position size for DOGEUSD already at or above maximum target size.
2026-07-20 14:19:23,254 - robTrader.Scheduler - INFO - Analyzing ADAUSD...
2026-07-20 14:19:23,488 - robTrader.Scheduler - INFO - Strategy recommendation for ADAUSD: HOLD (Score: -0.01) | Price: 0.16
2026-07-20 14:19:23,594 - robTrader.Scheduler - INFO - Holding current position for ADAUSD.
2026-07-20 14:19:23,594 - robTrader.Scheduler - INFO - Analyzing LINKUSD...
2026-07-20 14:19:23,839 - robTrader.Scheduler - INFO - Strategy recommendation for LINKUSD: HOLD (Score: -0.01) | Price: 8.47
2026-07-20 14:19:23,946 - robTrader.Scheduler - INFO - Holding current position for LINKUSD.
2026-07-20 14:19:23,949 - robTrader.Scheduler - INFO - Saved analysis metrics for 57 symbols to C:\Users\EM2025007512\.gemini\antigravity\scratch\robTrader\data_logs\analysis_state_alpaca_d86ffaae.json
2026-07-20 14:19:23,958 - robTrader.Scheduler - INFO - Spanish Tax Report generated successfully at: data_logs\spanish_tax_report_alpaca_d86ffaae.csv
2026-07-20 14:19:23,959 - robTrader.Scheduler - INFO - Net gains/losses: 0.0 EUR
2026-07-20 14:19:23,959 - robTrader.Scheduler - INFO - ------ Trading Cycle Finished ------
2026-07-20 14:19:25,279 - robTrader.Scheduler - INFO - Refreshed portfolio: Cash = 849564.31 | Total Value = 1000463.98
2026-07-20 14:19:35,779 - robTrader.Scheduler - INFO - Refreshed portfolio: Cash = 849564.31 | Total Value = 1000447.42
2026-07-20 14:19:46,202 - robTrader.Scheduler - INFO - Refreshed portfolio: Cash = 849564.31 | Total Value = 1000447.42
2026-07-20 14:19:56,636 - robTrader.Scheduler - INFO - Refreshed portfolio: Cash = 849564.31 | Total Value = 1000447.42
2026-07-20 14:20:07,065 - robTrader.Scheduler - INFO - Refreshed portfolio: Cash = 849564.31 | Total Value = 1000447.42
2026-07-20 14:20:17,499 - robTrader.Scheduler - INFO - Refreshed portfolio: Cash = 849564.31 | Total Value = 1000447.42
2026-07-20 14:20:27,927 - robTrader.Scheduler - INFO - Refreshed portfolio: Cash = 849564.31 | Total Value = 1000447.42
2026-07-20 14:20:38,363 - robTrader.Scheduler - INFO - Refreshed portfolio: Cash = 849564.31 | Total Value = 1000447.42
2026-07-20 14:20:48,787 - robTrader.Scheduler - INFO - Refreshed portfolio: Cash = 849564.31 | Total Value = 1000447.42
2026-07-20 14:20:57,896 - robTrader.Scheduler - INFO - ------ Starting Trading Cycle ------
2026-07-20 14:20:57,897 - robTrader.Scheduler - INFO - Signal Thresholds: BUY >= 0.15 | SELL <= -0.1
2026-07-20 14:21:01,810 - robTrader.Scheduler - INFO - Dynamically scanned market. Target symbols for this cycle: ['MMM', 'AOS', 'ABT', 'ABBV', 'ACN', 'ADBE', 'AMD', 'AES', 'AFL', 'A', 'APD', 'ABNB', 'AKAM', 'ALB', 'ARE', 'ALGN', 'ALLE', 'LNT', 'ALL', 'GOOGL', 'GOOG', 'MO', 'AMZN', 'AMCR', 'AEE', 'AEP', 'AXP', 'AIG', 'AMT', 'AWK', 'AMP', 'AME', 'AMGN', 'APH', 'ADI', 'AON', 'APA', 'APO', 'AAPL', 'AMAT', 'APP', 'APTV', 'ACGL', 'ADM', 'ARES', 'ANET', 'AJG', 'AIZ', 'T', 'ATO', 'BTCUSD', 'ETHUSD', 'SOLUSD', 'LTCUSD', 'DOGEUSD', 'ADAUSD', 'LINKUSD']
2026-07-20 14:21:02,229 - robTrader.Scheduler - INFO - Broker Cash: 849564.31 | Reserved in Pending Buys: 450220.83 | Estimated Available Cash: 399343.48
2026-07-20 14:21:02,230 - robTrader.Scheduler - INFO - Portfolio Value: 1000447.42 | Cash: 399343.48 | Open Positions: ['BTCUSD', 'DOGEUSD']
2026-07-20 14:21:02,230 - robTrader.Scheduler - INFO - Analyzing MMM...
2026-07-20 14:21:04,047 - robTrader.Scheduler - INFO - Strategy recommendation for MMM: HOLD (Score: 0.11) | Price: 159.84
2026-07-20 14:21:04,158 - robTrader.Scheduler - INFO - Holding current position for MMM.
2026-07-20 14:21:04,158 - robTrader.Scheduler - INFO - Analyzing AOS...
2026-07-20 14:21:04,386 - robTrader.Scheduler - INFO - Strategy recommendation for AOS: HOLD (Score: 0.07) | Price: 58.85
2026-07-20 14:21:04,493 - robTrader.Scheduler - INFO - Holding current position for AOS.
2026-07-20 14:21:04,493 - robTrader.Scheduler - INFO - Analyzing ABT...
2026-07-20 14:21:04,718 - robTrader.Scheduler - INFO - Strategy recommendation for ABT: BUY (Score: 0.19) | Price: 100.68
2026-07-20 14:21:04,827 - robTrader.Scheduler - INFO - Skipping BUY order for ABT: Already has 1 pending order(s) active in broker.
2026-07-20 14:21:04,827 - robTrader.Scheduler - INFO - Analyzing ABBV...
2026-07-20 14:21:05,091 - robTrader.Scheduler - INFO - Strategy recommendation for ABBV: HOLD (Score: 0.09) | Price: 254.49
2026-07-20 14:21:05,204 - robTrader.Scheduler - INFO - Holding current position for ABBV.
2026-07-20 14:21:05,204 - robTrader.Scheduler - INFO - Analyzing ACN...
2026-07-20 14:21:05,428 - robTrader.Scheduler - INFO - Strategy recommendation for ACN: HOLD (Score: 0.04) | Price: 143.57
2026-07-20 14:21:05,532 - robTrader.Scheduler - INFO - Holding current position for ACN.
2026-07-20 14:21:05,532 - robTrader.Scheduler - INFO - Analyzing ADBE...
2026-07-20 14:21:05,770 - robTrader.Scheduler - INFO - Strategy recommendation for ADBE: HOLD (Score: 0.0) | Price: 237.25
2026-07-20 14:21:05,877 - robTrader.Scheduler - INFO - Holding current position for ADBE.
2026-07-20 14:21:05,878 - robTrader.Scheduler - INFO - Analyzing AMD...
2026-07-20 14:21:06,119 - robTrader.Scheduler - INFO - Strategy recommendation for AMD: HOLD (Score: 0.11) | Price: 495.76
2026-07-20 14:21:06,227 - robTrader.Scheduler - INFO - Holding current position for AMD.
2026-07-20 14:21:06,227 - robTrader.Scheduler - INFO - Analyzing AES...
2026-07-20 14:21:06,460 - robTrader.Scheduler - INFO - Strategy recommendation for AES: HOLD (Score: 0.11) | Price: 14.77
2026-07-20 14:21:06,573 - robTrader.Scheduler - INFO - Holding current position for AES.
2026-07-20 14:21:06,574 - robTrader.Scheduler - INFO - Analyzing AFL...
2026-07-20 14:21:06,807 - robTrader.Scheduler - INFO - Strategy recommendation for AFL: HOLD (Score: 0.0) | Price: 124.72
2026-07-20 14:21:06,919 - robTrader.Scheduler - INFO - Holding current position for AFL.
2026-07-20 14:21:06,920 - robTrader.Scheduler - INFO - Analyzing A...
2026-07-20 14:21:07,148 - robTrader.Scheduler - INFO - Strategy recommendation for A: HOLD (Score: 0.11) | Price: 131.46
2026-07-20 14:21:07,254 - robTrader.Scheduler - INFO - Holding current position for A.
2026-07-20 14:21:07,254 - robTrader.Scheduler - INFO - Analyzing APD...
2026-07-20 14:21:07,475 - robTrader.Scheduler - INFO - Strategy recommendation for APD: HOLD (Score: 0.07) | Price: 295.62
2026-07-20 14:21:07,581 - robTrader.Scheduler - INFO - Holding current position for APD.
2026-07-20 14:21:07,581 - robTrader.Scheduler - INFO - Analyzing ABNB...
2026-07-20 14:21:07,813 - robTrader.Scheduler - INFO - Strategy recommendation for ABNB: HOLD (Score: 0.07) | Price: 145.98
2026-07-20 14:21:07,922 - robTrader.Scheduler - INFO - Holding current position for ABNB.
2026-07-20 14:21:07,922 - robTrader.Scheduler - INFO - Analyzing AKAM...
2026-07-20 14:21:08,144 - robTrader.Scheduler - INFO - Strategy recommendation for AKAM: HOLD (Score: 0.0) | Price: 120.19
2026-07-20 14:21:08,251 - robTrader.Scheduler - INFO - Holding current position for AKAM.
2026-07-20 14:21:08,251 - robTrader.Scheduler - INFO - Analyzing ALB...
2026-07-20 14:21:08,482 - robTrader.Scheduler - INFO - Strategy recommendation for ALB: BUY (Score: 0.19) | Price: 120.78
2026-07-20 14:21:08,587 - robTrader.Scheduler - INFO - Skipping BUY order for ALB: Already has 1 pending order(s) active in broker.
2026-07-20 14:21:08,587 - robTrader.Scheduler - INFO - Analyzing ARE...
2026-07-20 14:21:08,801 - robTrader.Scheduler - INFO - Strategy recommendation for ARE: HOLD (Score: 0.11) | Price: 50.22
2026-07-20 14:21:08,905 - robTrader.Scheduler - INFO - Holding current position for ARE.
2026-07-20 14:21:08,905 - robTrader.Scheduler - INFO - Analyzing ALGN...
2026-07-20 14:21:09,135 - robTrader.Scheduler - INFO - Strategy recommendation for ALGN: HOLD (Score: 0.0) | Price: 176.76
2026-07-20 14:21:09,243 - robTrader.Scheduler - INFO - Holding current position for ALGN.
2026-07-20 14:21:09,243 - robTrader.Scheduler - INFO - Analyzing ALLE...
2026-07-20 14:21:09,479 - robTrader.Scheduler - INFO - Strategy recommendation for ALLE: HOLD (Score: 0.04) | Price: 137.24
2026-07-20 14:21:09,589 - robTrader.Scheduler - INFO - Holding current position for ALLE.
2026-07-20 14:21:09,589 - robTrader.Scheduler - INFO - Analyzing LNT...
2026-07-20 14:21:09,819 - robTrader.Scheduler - INFO - Strategy recommendation for LNT: HOLD (Score: 0.11) | Price: 74.82
2026-07-20 14:21:09,923 - robTrader.Scheduler - INFO - Holding current position for LNT.
2026-07-20 14:21:09,924 - robTrader.Scheduler - INFO - Analyzing ALL...
2026-07-20 14:21:10,148 - robTrader.Scheduler - INFO - Strategy recommendation for ALL: HOLD (Score: 0.11) | Price: 249.90
2026-07-20 14:21:10,258 - robTrader.Scheduler - INFO - Holding current position for ALL.
2026-07-20 14:21:10,259 - robTrader.Scheduler - INFO - Analyzing GOOGL...
2026-07-20 14:21:10,483 - robTrader.Scheduler - INFO - Strategy recommendation for GOOGL: HOLD (Score: 0.04) | Price: 346.77
2026-07-20 14:21:10,592 - robTrader.Scheduler - INFO - Holding current position for GOOGL.
2026-07-20 14:21:10,592 - robTrader.Scheduler - INFO - Analyzing GOOG...
2026-07-20 14:21:10,895 - robTrader.Scheduler - INFO - Strategy recommendation for GOOG: HOLD (Score: -0.04) | Price: 346.12
2026-07-20 14:21:11,008 - robTrader.Scheduler - INFO - Holding current position for GOOG.
2026-07-20 14:21:11,008 - robTrader.Scheduler - INFO - Analyzing MO...
2026-07-20 14:21:11,235 - robTrader.Scheduler - INFO - Strategy recommendation for MO: HOLD (Score: 0.11) | Price: 74.21
2026-07-20 14:21:11,339 - robTrader.Scheduler - INFO - Holding current position for MO.
2026-07-20 14:21:11,339 - robTrader.Scheduler - INFO - Analyzing AMZN...
2026-07-20 14:21:11,557 - robTrader.Scheduler - INFO - Strategy recommendation for AMZN: HOLD (Score: 0.04) | Price: 247.23
2026-07-20 14:21:11,661 - robTrader.Scheduler - INFO - Holding current position for AMZN.
2026-07-20 14:21:11,662 - robTrader.Scheduler - INFO - Analyzing AMCR...
2026-07-20 14:21:11,883 - robTrader.Scheduler - INFO - Strategy recommendation for AMCR: HOLD (Score: 0.07) | Price: 43.94
2026-07-20 14:21:11,988 - robTrader.Scheduler - INFO - Holding current position for AMCR.
2026-07-20 14:21:11,988 - robTrader.Scheduler - INFO - Analyzing AEE...
2026-07-20 14:21:12,207 - robTrader.Scheduler - INFO - Strategy recommendation for AEE: HOLD (Score: 0.11) | Price: 111.55
2026-07-20 14:21:12,314 - robTrader.Scheduler - INFO - Holding current position for AEE.
2026-07-20 14:21:12,315 - robTrader.Scheduler - INFO - Analyzing AEP...
2026-07-20 14:21:12,553 - robTrader.Scheduler - INFO - Strategy recommendation for AEP: HOLD (Score: 0.11) | Price: 132.14
2026-07-20 14:21:12,658 - robTrader.Scheduler - INFO - Holding current position for AEP.
2026-07-20 14:21:12,659 - robTrader.Scheduler - INFO - Analyzing AXP...
2026-07-20 14:21:12,903 - robTrader.Scheduler - INFO - Strategy recommendation for AXP: HOLD (Score: 0.07) | Price: 355.35
2026-07-20 14:21:13,013 - robTrader.Scheduler - INFO - Holding current position for AXP.
2026-07-20 14:21:13,014 - robTrader.Scheduler - INFO - Analyzing AIG...
2026-07-20 14:21:13,256 - robTrader.Scheduler - INFO - Strategy recommendation for AIG: BUY (Score: 0.15) | Price: 80.50
2026-07-20 14:21:13,366 - robTrader.Scheduler - INFO - Skipping BUY order for AIG: Already has 1 pending order(s) active in broker.
2026-07-20 14:21:13,366 - robTrader.Scheduler - INFO - Analyzing AMT...
2026-07-20 14:21:13,599 - robTrader.Scheduler - INFO - Strategy recommendation for AMT: HOLD (Score: 0.11) | Price: 170.06
2026-07-20 14:21:13,706 - robTrader.Scheduler - INFO - Holding current position for AMT.
2026-07-20 14:21:13,707 - robTrader.Scheduler - INFO - Analyzing AWK...
2026-07-20 14:21:13,964 - robTrader.Scheduler - INFO - Strategy recommendation for AWK: HOLD (Score: 0.04) | Price: 135.11
2026-07-20 14:21:14,073 - robTrader.Scheduler - INFO - Holding current position for AWK.
2026-07-20 14:21:14,073 - robTrader.Scheduler - INFO - Analyzing AMP...
2026-07-20 14:21:14,295 - robTrader.Scheduler - INFO - Strategy recommendation for AMP: HOLD (Score: 0.04) | Price: 527.87
2026-07-20 14:21:14,405 - robTrader.Scheduler - INFO - Holding current position for AMP.
2026-07-20 14:21:14,406 - robTrader.Scheduler - INFO - Analyzing AME...
2026-07-20 14:21:14,654 - robTrader.Scheduler - INFO - Strategy recommendation for AME: HOLD (Score: 0.07) | Price: 237.00
2026-07-20 14:21:14,761 - robTrader.Scheduler - INFO - Holding current position for AME.
2026-07-20 14:21:14,761 - robTrader.Scheduler - INFO - Analyzing AMGN...
2026-07-20 14:21:14,987 - robTrader.Scheduler - INFO - Strategy recommendation for AMGN: HOLD (Score: 0.04) | Price: 366.29
2026-07-20 14:21:15,094 - robTrader.Scheduler - INFO - Holding current position for AMGN.
2026-07-20 14:21:15,094 - robTrader.Scheduler - INFO - Analyzing APH...
2026-07-20 14:21:15,334 - robTrader.Scheduler - INFO - Strategy recommendation for APH: BUY (Score: 0.15) | Price: 151.20
2026-07-20 14:21:15,440 - robTrader.Scheduler - INFO - Skipping BUY order for APH: Already has 1 pending order(s) active in broker.
2026-07-20 14:21:15,440 - robTrader.Scheduler - INFO - Analyzing ADI...
2026-07-20 14:21:15,676 - robTrader.Scheduler - INFO - Strategy recommendation for ADI: HOLD (Score: 0.04) | Price: 375.36
2026-07-20 14:21:15,783 - robTrader.Scheduler - INFO - Holding current position for ADI.
2026-07-20 14:21:15,784 - robTrader.Scheduler - INFO - Analyzing AON...
2026-07-20 14:21:16,007 - robTrader.Scheduler - INFO - Strategy recommendation for AON: HOLD (Score: 0.11) | Price: 367.21
2026-07-20 14:21:16,119 - robTrader.Scheduler - INFO - Holding current position for AON.
2026-07-20 14:21:16,120 - robTrader.Scheduler - INFO - Analyzing APA...
2026-07-20 14:21:16,373 - robTrader.Scheduler - INFO - Strategy recommendation for APA: HOLD (Score: 0.11) | Price: 35.22
2026-07-20 14:21:16,486 - robTrader.Scheduler - INFO - Holding current position for APA.
2026-07-20 14:21:16,486 - robTrader.Scheduler - INFO - Analyzing APO...
2026-07-20 14:21:16,754 - robTrader.Scheduler - INFO - Strategy recommendation for APO: BUY (Score: 0.15) | Price: 120.47
2026-07-20 14:21:16,859 - robTrader.Scheduler - INFO - Skipping BUY order for APO: Already has 1 pending order(s) active in broker.
2026-07-20 14:21:16,860 - robTrader.Scheduler - INFO - Analyzing AAPL...
2026-07-20 14:21:17,089 - robTrader.Scheduler - INFO - Strategy recommendation for AAPL: HOLD (Score: 0.11) | Price: 333.74
2026-07-20 14:21:17,198 - robTrader.Scheduler - INFO - Holding current position for AAPL.
2026-07-20 14:21:17,199 - robTrader.Scheduler - INFO - Analyzing AMAT...
2026-07-20 14:21:17,451 - robTrader.Scheduler - INFO - Strategy recommendation for AMAT: HOLD (Score: 0.07) | Price: 529.66
2026-07-20 14:21:17,559 - robTrader.Scheduler - INFO - Holding current position for AMAT.
2026-07-20 14:21:17,559 - robTrader.Scheduler - INFO - Analyzing APP...
2026-07-20 14:21:17,798 - robTrader.Scheduler - INFO - Strategy recommendation for APP: HOLD (Score: 0.04) | Price: 424.54
2026-07-20 14:21:17,909 - robTrader.Scheduler - INFO - Holding current position for APP.
2026-07-20 14:21:17,910 - robTrader.Scheduler - INFO - Analyzing APTV...
2026-07-20 14:21:18,150 - robTrader.Scheduler - INFO - Strategy recommendation for APTV: HOLD (Score: 0.11) | Price: 57.47
2026-07-20 14:21:18,260 - robTrader.Scheduler - INFO - Holding current position for APTV.
2026-07-20 14:21:18,260 - robTrader.Scheduler - INFO - Analyzing ACGL...
2026-07-20 14:21:18,515 - robTrader.Scheduler - INFO - Strategy recommendation for ACGL: HOLD (Score: 0.04) | Price: 101.35
2026-07-20 14:21:18,624 - robTrader.Scheduler - INFO - Holding current position for ACGL.
2026-07-20 14:21:18,624 - robTrader.Scheduler - INFO - Analyzing ADM...
2026-07-20 14:21:18,850 - robTrader.Scheduler - INFO - Strategy recommendation for ADM: HOLD (Score: 0.07) | Price: 85.90
2026-07-20 14:21:18,960 - robTrader.Scheduler - INFO - Holding current position for ADM.
2026-07-20 14:21:18,960 - robTrader.Scheduler - INFO - Analyzing ARES...
2026-07-20 14:21:19,229 - robTrader.Scheduler - INFO - Strategy recommendation for ARES: BUY (Score: 0.15) | Price: 125.68
2026-07-20 14:21:19,337 - robTrader.Scheduler - INFO - Skipping BUY order for ARES: Already has 1 pending order(s) active in broker.
2026-07-20 14:21:19,338 - robTrader.Scheduler - INFO - Analyzing ANET...
2026-07-20 14:21:19,573 - robTrader.Scheduler - INFO - Strategy recommendation for ANET: HOLD (Score: 0.07) | Price: 168.61
2026-07-20 14:21:19,682 - robTrader.Scheduler - INFO - Holding current position for ANET.
2026-07-20 14:21:19,683 - robTrader.Scheduler - INFO - Analyzing AJG...
2026-07-20 14:21:19,903 - robTrader.Scheduler - INFO - Strategy recommendation for AJG: BUY (Score: 0.15) | Price: 253.90
2026-07-20 14:21:20,009 - robTrader.Scheduler - INFO - Skipping BUY order for AJG: Already has 1 pending order(s) active in broker.
2026-07-20 14:21:20,009 - robTrader.Scheduler - INFO - Analyzing AIZ...
2026-07-20 14:21:20,241 - robTrader.Scheduler - INFO - Strategy recommendation for AIZ: HOLD (Score: 0.11) | Price: 276.84
2026-07-20 14:21:20,346 - robTrader.Scheduler - INFO - Holding current position for AIZ.
2026-07-20 14:21:20,346 - robTrader.Scheduler - INFO - Analyzing T...
2026-07-20 14:21:20,588 - robTrader.Scheduler - INFO - Strategy recommendation for T: HOLD (Score: 0.04) | Price: 21.81
2026-07-20 14:21:20,695 - robTrader.Scheduler - INFO - Holding current position for T.
2026-07-20 14:21:20,695 - robTrader.Scheduler - INFO - Analyzing ATO...
2026-07-20 14:21:20,921 - robTrader.Scheduler - INFO - Strategy recommendation for ATO: HOLD (Score: 0.0) | Price: 177.68
2026-07-20 14:21:21,033 - robTrader.Scheduler - INFO - Holding current position for ATO.
2026-07-20 14:21:21,034 - robTrader.Scheduler - INFO - Analyzing BTCUSD...
2026-07-20 14:21:21,923 - robTrader.Scheduler - INFO - Strategy recommendation for BTCUSD: BUY (Score: 0.2) | Price: 64662.50
2026-07-20 14:21:22,031 - robTrader.Scheduler - INFO - Position size for BTCUSD already at or above maximum target size.
2026-07-20 14:21:22,031 - robTrader.Scheduler - INFO - Analyzing ETHUSD...
2026-07-20 14:21:22,272 - robTrader.Scheduler - INFO - Strategy recommendation for ETHUSD: HOLD (Score: 0.14) | Price: 1876.99
2026-07-20 14:21:22,381 - robTrader.Scheduler - INFO - Holding current position for ETHUSD.
2026-07-20 14:21:22,381 - robTrader.Scheduler - INFO - Analyzing SOLUSD...
2026-07-20 14:21:22,631 - robTrader.Scheduler - INFO - Strategy recommendation for SOLUSD: HOLD (Score: 0.12) | Price: 76.78
2026-07-20 14:21:22,742 - robTrader.Scheduler - INFO - Holding current position for SOLUSD.
2026-07-20 14:21:22,742 - robTrader.Scheduler - INFO - Analyzing LTCUSD...
2026-07-20 14:21:22,969 - robTrader.Scheduler - INFO - Strategy recommendation for LTCUSD: HOLD (Score: 0.06) | Price: 47.08
2026-07-20 14:21:23,080 - robTrader.Scheduler - INFO - Holding current position for LTCUSD.
2026-07-20 14:21:23,080 - robTrader.Scheduler - INFO - Analyzing DOGEUSD...
2026-07-20 14:21:23,355 - robTrader.Scheduler - INFO - Strategy recommendation for DOGEUSD: BUY (Score: 0.16) | Price: 0.07
2026-07-20 14:21:23,464 - robTrader.Scheduler - INFO - Position size for DOGEUSD already at or above maximum target size.
2026-07-20 14:21:23,464 - robTrader.Scheduler - INFO - Analyzing ADAUSD...
2026-07-20 14:21:23,693 - robTrader.Scheduler - INFO - Strategy recommendation for ADAUSD: HOLD (Score: -0.01) | Price: 0.16
2026-07-20 14:21:23,804 - robTrader.Scheduler - INFO - Holding current position for ADAUSD.
2026-07-20 14:21:23,804 - robTrader.Scheduler - INFO - Analyzing LINKUSD...
2026-07-20 14:21:24,040 - robTrader.Scheduler - INFO - Strategy recommendation for LINKUSD: HOLD (Score: -0.01) | Price: 8.46
2026-07-20 14:21:24,147 - robTrader.Scheduler - INFO - Holding current position for LINKUSD.
2026-07-20 14:21:24,153 - robTrader.Scheduler - INFO - Saved analysis metrics for 57 symbols to C:\Users\EM2025007512\.gemini\antigravity\scratch\robTrader\data_logs\analysis_state_alpaca_d86ffaae.json
2026-07-20 14:21:24,161 - robTrader.Scheduler - INFO - Spanish Tax Report generated successfully at: data_logs\spanish_tax_report_alpaca_d86ffaae.csv
2026-07-20 14:21:24,161 - robTrader.Scheduler - INFO - Net gains/losses: 0.0 EUR
2026-07-20 14:21:24,161 - robTrader.Scheduler - INFO - ------ Trading Cycle Finished ------
2026-07-20 14:21:25,479 - robTrader.Scheduler - INFO - Refreshed portfolio: Cash = 849564.31 | Total Value = 1000447.42
2026-07-20 14:21:35,925 - robTrader.Scheduler - INFO - Refreshed portfolio: Cash = 849564.31 | Total Value = 1000447.42
2026-07-20 14:21:46,373 - robTrader.Scheduler - INFO - Refreshed portfolio: Cash = 849564.31 | Total Value = 1000447.42
2026-07-20 14:21:56,888 - robTrader.Scheduler - INFO - Refreshed portfolio: Cash = 849564.31 | Total Value = 1000447.42
2026-07-20 14:22:07,320 - robTrader.Scheduler - INFO - Refreshed portfolio: Cash = 849564.31 | Total Value = 1000397.17
2026-07-20 14:22:17,807 - robTrader.Scheduler - INFO - Refreshed portfolio: Cash = 849564.31 | Total Value = 1000397.17
2026-07-20 14:22:28,238 - robTrader.Scheduler - INFO - Refreshed portfolio: Cash = 849564.31 | Total Value = 1000397.17
2026-07-20 14:22:38,691 - robTrader.Scheduler - INFO - Refreshed portfolio: Cash = 849564.31 | Total Value = 1000397.17
2026-07-20 14:22:49,123 - robTrader.Scheduler - INFO - Refreshed portfolio: Cash = 849564.31 | Total Value = 1000465.54
2026-07-20 14:22:58,237 - robTrader.Scheduler - INFO - ------ Starting Trading Cycle ------
2026-07-20 14:22:58,237 - robTrader.Scheduler - INFO - Signal Thresholds: BUY >= 0.15 | SELL <= -0.1
2026-07-20 14:22:59,097 - robTrader.Scheduler - INFO - Dynamically scanned market. Target symbols for this cycle: ['MMM', 'AOS', 'ABT', 'ABBV', 'ACN', 'ADBE', 'AMD', 'AES', 'AFL', 'A', 'APD', 'ABNB', 'AKAM', 'ALB', 'ARE', 'ALGN', 'ALLE', 'LNT', 'ALL', 'GOOGL', 'GOOG', 'MO', 'AMZN', 'AMCR', 'AEE', 'AEP', 'AXP', 'AIG', 'AMT', 'AWK', 'AMP', 'AME', 'AMGN', 'APH', 'ADI', 'AON', 'APA', 'APO', 'AAPL', 'AMAT', 'APP', 'APTV', 'ACGL', 'ADM', 'ARES', 'ANET', 'AJG', 'AIZ', 'T', 'ATO', 'BTCUSD', 'ETHUSD', 'SOLUSD', 'LTCUSD', 'DOGEUSD', 'ADAUSD', 'LINKUSD']
2026-07-20 14:22:59,610 - robTrader.Scheduler - INFO - Broker Cash: 849564.31 | Reserved in Pending Buys: 450220.83 | Estimated Available Cash: 399343.48
2026-07-20 14:22:59,610 - robTrader.Scheduler - INFO - Portfolio Value: 1000465.54 | Cash: 399343.48 | Open Positions: ['BTCUSD', 'DOGEUSD']
2026-07-20 14:22:59,611 - robTrader.Scheduler - INFO - Analyzing MMM...
2026-07-20 14:23:04,118 - robTrader.Scheduler - INFO - Strategy recommendation for MMM: HOLD (Score: 0.11) | Price: 159.84
2026-07-20 14:23:04,227 - robTrader.Scheduler - INFO - Holding current position for MMM.
2026-07-20 14:23:04,227 - robTrader.Scheduler - INFO - Analyzing AOS...
2026-07-20 14:23:04,454 - robTrader.Scheduler - INFO - Strategy recommendation for AOS: HOLD (Score: 0.07) | Price: 58.85
2026-07-20 14:23:04,563 - robTrader.Scheduler - INFO - Holding current position for AOS.
2026-07-20 14:23:04,563 - robTrader.Scheduler - INFO - Analyzing ABT...
2026-07-20 14:23:04,785 - robTrader.Scheduler - INFO - Strategy recommendation for ABT: BUY (Score: 0.19) | Price: 100.68
2026-07-20 14:23:04,894 - robTrader.Scheduler - INFO - Skipping BUY order for ABT: Already has 1 pending order(s) active in broker.
2026-07-20 14:23:04,894 - robTrader.Scheduler - INFO - Analyzing ABBV...
2026-07-20 14:23:05,208 - robTrader.Scheduler - INFO - Strategy recommendation for ABBV: HOLD (Score: 0.09) | Price: 254.49
2026-07-20 14:23:05,323 - robTrader.Scheduler - INFO - Holding current position for ABBV.
2026-07-20 14:23:05,323 - robTrader.Scheduler - INFO - Analyzing ACN...
2026-07-20 14:23:05,545 - robTrader.Scheduler - INFO - Strategy recommendation for ACN: HOLD (Score: 0.04) | Price: 143.57
2026-07-20 14:23:05,655 - robTrader.Scheduler - INFO - Holding current position for ACN.
2026-07-20 14:23:05,656 - robTrader.Scheduler - INFO - Analyzing ADBE...
2026-07-20 14:23:05,877 - robTrader.Scheduler - INFO - Strategy recommendation for ADBE: HOLD (Score: 0.0) | Price: 237.25
2026-07-20 14:23:05,986 - robTrader.Scheduler - INFO - Holding current position for ADBE.
2026-07-20 14:23:05,986 - robTrader.Scheduler - INFO - Analyzing AMD...
2026-07-20 14:23:06,219 - robTrader.Scheduler - INFO - Strategy recommendation for AMD: HOLD (Score: 0.11) | Price: 495.76
2026-07-20 14:23:06,336 - robTrader.Scheduler - INFO - Holding current position for AMD.
2026-07-20 14:23:06,336 - robTrader.Scheduler - INFO - Analyzing AES...
2026-07-20 14:23:06,588 - robTrader.Scheduler - INFO - Strategy recommendation for AES: HOLD (Score: 0.11) | Price: 14.77
2026-07-20 14:23:06,700 - robTrader.Scheduler - INFO - Holding current position for AES.
2026-07-20 14:23:06,700 - robTrader.Scheduler - INFO - Analyzing AFL...
2026-07-20 14:23:06,952 - robTrader.Scheduler - INFO - Strategy recommendation for AFL: HOLD (Score: 0.0) | Price: 124.72
2026-07-20 14:23:07,061 - robTrader.Scheduler - INFO - Holding current position for AFL.
2026-07-20 14:23:07,061 - robTrader.Scheduler - INFO - Analyzing A...
2026-07-20 14:23:07,341 - robTrader.Scheduler - INFO - Strategy recommendation for A: HOLD (Score: 0.11) | Price: 131.46
2026-07-20 14:23:07,454 - robTrader.Scheduler - INFO - Holding current position for A.
2026-07-20 14:23:07,454 - robTrader.Scheduler - INFO - Analyzing APD...
2026-07-20 14:23:07,698 - robTrader.Scheduler - INFO - Strategy recommendation for APD: HOLD (Score: 0.07) | Price: 295.62
2026-07-20 14:23:07,808 - robTrader.Scheduler - INFO - Holding current position for APD.
2026-07-20 14:23:07,808 - robTrader.Scheduler - INFO - Analyzing ABNB...
2026-07-20 14:23:08,063 - robTrader.Scheduler - INFO - Strategy recommendation for ABNB: HOLD (Score: 0.07) | Price: 145.98
2026-07-20 14:23:08,171 - robTrader.Scheduler - INFO - Holding current position for ABNB.
2026-07-20 14:23:08,171 - robTrader.Scheduler - INFO - Analyzing AKAM...
2026-07-20 14:23:08,428 - robTrader.Scheduler - INFO - Strategy recommendation for AKAM: HOLD (Score: 0.0) | Price: 120.19
2026-07-20 14:23:08,539 - robTrader.Scheduler - INFO - Holding current position for AKAM.
2026-07-20 14:23:08,539 - robTrader.Scheduler - INFO - Analyzing ALB...
2026-07-20 14:23:08,787 - robTrader.Scheduler - INFO - Strategy recommendation for ALB: BUY (Score: 0.19) | Price: 120.78
2026-07-20 14:23:08,896 - robTrader.Scheduler - INFO - Skipping BUY order for ALB: Already has 1 pending order(s) active in broker.
2026-07-20 14:23:08,896 - robTrader.Scheduler - INFO - Analyzing ARE...
2026-07-20 14:23:09,126 - robTrader.Scheduler - INFO - Strategy recommendation for ARE: HOLD (Score: 0.11) | Price: 50.22
2026-07-20 14:23:09,236 - robTrader.Scheduler - INFO - Holding current position for ARE.
2026-07-20 14:23:09,236 - robTrader.Scheduler - INFO - Analyzing ALGN...
2026-07-20 14:23:09,515 - robTrader.Scheduler - INFO - Strategy recommendation for ALGN: HOLD (Score: 0.0) | Price: 176.76
2026-07-20 14:23:09,633 - robTrader.Scheduler - INFO - Holding current position for ALGN.
2026-07-20 14:23:09,633 - robTrader.Scheduler - INFO - Analyzing ALLE...
2026-07-20 14:23:09,856 - robTrader.Scheduler - INFO - Strategy recommendation for ALLE: HOLD (Score: 0.04) | Price: 137.24
2026-07-20 14:23:09,966 - robTrader.Scheduler - INFO - Holding current position for ALLE.
2026-07-20 14:23:09,966 - robTrader.Scheduler - INFO - Analyzing LNT...
2026-07-20 14:23:10,207 - robTrader.Scheduler - INFO - Strategy recommendation for LNT: HOLD (Score: 0.11) | Price: 74.82
2026-07-20 14:23:10,315 - robTrader.Scheduler - INFO - Holding current position for LNT.
2026-07-20 14:23:10,316 - robTrader.Scheduler - INFO - Analyzing ALL...
2026-07-20 14:23:10,544 - robTrader.Scheduler - INFO - Strategy recommendation for ALL: HOLD (Score: 0.11) | Price: 249.90
2026-07-20 14:23:10,653 - robTrader.Scheduler - INFO - Holding current position for ALL.
2026-07-20 14:23:10,653 - robTrader.Scheduler - INFO - Analyzing GOOGL...
2026-07-20 14:23:10,880 - robTrader.Scheduler - INFO - Strategy recommendation for GOOGL: HOLD (Score: 0.04) | Price: 346.77
2026-07-20 14:23:10,989 - robTrader.Scheduler - INFO - Holding current position for GOOGL.
2026-07-20 14:23:10,990 - robTrader.Scheduler - INFO - Analyzing GOOG...
2026-07-20 14:23:11,249 - robTrader.Scheduler - INFO - Strategy recommendation for GOOG: HOLD (Score: -0.04) | Price: 346.12
2026-07-20 14:23:11,355 - robTrader.Scheduler - INFO - Holding current position for GOOG.
2026-07-20 14:23:11,355 - robTrader.Scheduler - INFO - Analyzing MO...
2026-07-20 14:23:11,583 - robTrader.Scheduler - INFO - Strategy recommendation for MO: HOLD (Score: 0.11) | Price: 74.21
2026-07-20 14:23:11,692 - robTrader.Scheduler - INFO - Holding current position for MO.
2026-07-20 14:23:11,693 - robTrader.Scheduler - INFO - Analyzing AMZN...
2026-07-20 14:23:11,924 - robTrader.Scheduler - INFO - Strategy recommendation for AMZN: HOLD (Score: 0.04) | Price: 247.23
2026-07-20 14:23:12,036 - robTrader.Scheduler - INFO - Holding current position for AMZN.
2026-07-20 14:23:12,036 - robTrader.Scheduler - INFO - Analyzing AMCR...
2026-07-20 14:23:12,262 - robTrader.Scheduler - INFO - Strategy recommendation for AMCR: HOLD (Score: 0.07) | Price: 43.94
2026-07-20 14:23:12,371 - robTrader.Scheduler - INFO - Holding current position for AMCR.
2026-07-20 14:23:12,371 - robTrader.Scheduler - INFO - Analyzing AEE...
2026-07-20 14:23:12,596 - robTrader.Scheduler - INFO - Strategy recommendation for AEE: HOLD (Score: 0.11) | Price: 111.55
2026-07-20 14:23:12,703 - robTrader.Scheduler - INFO - Holding current position for AEE.
2026-07-20 14:23:12,703 - robTrader.Scheduler - INFO - Analyzing AEP...
2026-07-20 14:23:12,928 - robTrader.Scheduler - INFO - Strategy recommendation for AEP: HOLD (Score: 0.11) | Price: 132.14
2026-07-20 14:23:13,037 - robTrader.Scheduler - INFO - Holding current position for AEP.
2026-07-20 14:23:13,037 - robTrader.Scheduler - INFO - Analyzing AXP...
2026-07-20 14:23:13,264 - robTrader.Scheduler - INFO - Strategy recommendation for AXP: HOLD (Score: 0.07) | Price: 355.35
2026-07-20 14:23:13,397 - robTrader.Scheduler - INFO - Holding current position for AXP.
2026-07-20 14:23:13,397 - robTrader.Scheduler - INFO - Analyzing AIG...
2026-07-20 14:23:13,639 - robTrader.Scheduler - INFO - Strategy recommendation for AIG: BUY (Score: 0.15) | Price: 80.50
2026-07-20 14:23:13,751 - robTrader.Scheduler - INFO - Skipping BUY order for AIG: Already has 1 pending order(s) active in broker.
2026-07-20 14:23:13,752 - robTrader.Scheduler - INFO - Analyzing AMT...
2026-07-20 14:23:13,988 - robTrader.Scheduler - INFO - Strategy recommendation for AMT: HOLD (Score: 0.11) | Price: 170.06
2026-07-20 14:23:14,104 - robTrader.Scheduler - INFO - Holding current position for AMT.
2026-07-20 14:23:14,105 - robTrader.Scheduler - INFO - Analyzing AWK...
2026-07-20 14:23:14,344 - robTrader.Scheduler - INFO - Strategy recommendation for AWK: HOLD (Score: 0.04) | Price: 135.11
2026-07-20 14:23:14,450 - robTrader.Scheduler - INFO - Holding current position for AWK.
2026-07-20 14:23:14,450 - robTrader.Scheduler - INFO - Analyzing AMP...
2026-07-20 14:23:14,679 - robTrader.Scheduler - INFO - Strategy recommendation for AMP: HOLD (Score: 0.04) | Price: 527.87
2026-07-20 14:23:14,787 - robTrader.Scheduler - INFO - Holding current position for AMP.
2026-07-20 14:23:14,788 - robTrader.Scheduler - INFO - Analyzing AME...
2026-07-20 14:23:15,026 - robTrader.Scheduler - INFO - Strategy recommendation for AME: HOLD (Score: 0.07) | Price: 237.00
2026-07-20 14:23:15,132 - robTrader.Scheduler - INFO - Holding current position for AME.
2026-07-20 14:23:15,132 - robTrader.Scheduler - INFO - Analyzing AMGN...
2026-07-20 14:23:15,357 - robTrader.Scheduler - INFO - Strategy recommendation for AMGN: HOLD (Score: 0.04) | Price: 366.29
2026-07-20 14:23:15,463 - robTrader.Scheduler - INFO - Holding current position for AMGN.
2026-07-20 14:23:15,463 - robTrader.Scheduler - INFO - Analyzing APH...
2026-07-20 14:23:15,685 - robTrader.Scheduler - INFO - Strategy recommendation for APH: BUY (Score: 0.15) | Price: 151.20
2026-07-20 14:23:15,789 - robTrader.Scheduler - INFO - Skipping BUY order for APH: Already has 1 pending order(s) active in broker.
2026-07-20 14:23:15,789 - robTrader.Scheduler - INFO - Analyzing ADI...
2026-07-20 14:23:16,015 - robTrader.Scheduler - INFO - Strategy recommendation for ADI: HOLD (Score: 0.04) | Price: 375.36
2026-07-20 14:23:16,122 - robTrader.Scheduler - INFO - Holding current position for ADI.
2026-07-20 14:23:16,122 - robTrader.Scheduler - INFO - Analyzing AON...
2026-07-20 14:23:16,377 - robTrader.Scheduler - INFO - Strategy recommendation for AON: HOLD (Score: 0.11) | Price: 367.21
2026-07-20 14:23:16,486 - robTrader.Scheduler - INFO - Holding current position for AON.
2026-07-20 14:23:16,486 - robTrader.Scheduler - INFO - Analyzing APA...
2026-07-20 14:23:16,711 - robTrader.Scheduler - INFO - Strategy recommendation for APA: HOLD (Score: 0.11) | Price: 35.22
2026-07-20 14:23:16,816 - robTrader.Scheduler - INFO - Holding current position for APA.
2026-07-20 14:23:16,816 - robTrader.Scheduler - INFO - Analyzing APO...
2026-07-20 14:23:17,055 - robTrader.Scheduler - INFO - Strategy recommendation for APO: BUY (Score: 0.15) | Price: 120.47
2026-07-20 14:23:17,238 - robTrader.Scheduler - INFO - Skipping BUY order for APO: Already has 1 pending order(s) active in broker.
2026-07-20 14:23:17,238 - robTrader.Scheduler - INFO - Analyzing AAPL...
2026-07-20 14:23:17,465 - robTrader.Scheduler - INFO - Strategy recommendation for AAPL: HOLD (Score: 0.11) | Price: 333.74
2026-07-20 14:23:17,571 - robTrader.Scheduler - INFO - Holding current position for AAPL.
2026-07-20 14:23:17,571 - robTrader.Scheduler - INFO - Analyzing AMAT...
2026-07-20 14:23:17,815 - robTrader.Scheduler - INFO - Strategy recommendation for AMAT: HOLD (Score: 0.07) | Price: 529.66
2026-07-20 14:23:17,929 - robTrader.Scheduler - INFO - Holding current position for AMAT.
2026-07-20 14:23:17,929 - robTrader.Scheduler - INFO - Analyzing APP...
2026-07-20 14:23:18,177 - robTrader.Scheduler - INFO - Strategy recommendation for APP: HOLD (Score: 0.04) | Price: 424.54
2026-07-20 14:23:18,289 - robTrader.Scheduler - INFO - Holding current position for APP.
2026-07-20 14:23:18,290 - robTrader.Scheduler - INFO - Analyzing APTV...
2026-07-20 14:23:18,541 - robTrader.Scheduler - INFO - Strategy recommendation for APTV: HOLD (Score: 0.11) | Price: 57.47
2026-07-20 14:23:18,648 - robTrader.Scheduler - INFO - Holding current position for APTV.
2026-07-20 14:23:18,649 - robTrader.Scheduler - INFO - Analyzing ACGL...
2026-07-20 14:23:18,880 - robTrader.Scheduler - INFO - Strategy recommendation for ACGL: HOLD (Score: 0.04) | Price: 101.35
2026-07-20 14:23:18,986 - robTrader.Scheduler - INFO - Holding current position for ACGL.
2026-07-20 14:23:18,986 - robTrader.Scheduler - INFO - Analyzing ADM...
2026-07-20 14:23:19,210 - robTrader.Scheduler - INFO - Strategy recommendation for ADM: HOLD (Score: 0.07) | Price: 85.90
2026-07-20 14:23:19,316 - robTrader.Scheduler - INFO - Holding current position for ADM.
2026-07-20 14:23:19,316 - robTrader.Scheduler - INFO - Analyzing ARES...
2026-07-20 14:23:19,571 - robTrader.Scheduler - INFO - Strategy recommendation for ARES: BUY (Score: 0.15) | Price: 125.68
2026-07-20 14:23:19,685 - robTrader.Scheduler - INFO - Skipping BUY order for ARES: Already has 1 pending order(s) active in broker.
2026-07-20 14:23:19,685 - robTrader.Scheduler - INFO - Analyzing ANET...
2026-07-20 14:23:19,926 - robTrader.Scheduler - INFO - Strategy recommendation for ANET: HOLD (Score: 0.07) | Price: 168.61
2026-07-20 14:23:20,033 - robTrader.Scheduler - INFO - Holding current position for ANET.
2026-07-20 14:23:20,033 - robTrader.Scheduler - INFO - Analyzing AJG...
2026-07-20 14:23:20,266 - robTrader.Scheduler - INFO - Strategy recommendation for AJG: BUY (Score: 0.15) | Price: 253.90
2026-07-20 14:23:20,375 - robTrader.Scheduler - INFO - Skipping BUY order for AJG: Already has 1 pending order(s) active in broker.
2026-07-20 14:23:20,375 - robTrader.Scheduler - INFO - Analyzing AIZ...
2026-07-20 14:23:20,605 - robTrader.Scheduler - INFO - Strategy recommendation for AIZ: HOLD (Score: 0.11) | Price: 276.84
2026-07-20 14:23:20,774 - robTrader.Scheduler - INFO - Holding current position for AIZ.
2026-07-20 14:23:20,774 - robTrader.Scheduler - INFO - Analyzing T...
2026-07-20 14:23:21,008 - robTrader.Scheduler - INFO - Strategy recommendation for T: HOLD (Score: 0.04) | Price: 21.81
2026-07-20 14:23:21,118 - robTrader.Scheduler - INFO - Holding current position for T.
2026-07-20 14:23:21,118 - robTrader.Scheduler - INFO - Analyzing ATO...
2026-07-20 14:23:21,352 - robTrader.Scheduler - INFO - Strategy recommendation for ATO: HOLD (Score: 0.0) | Price: 177.68
2026-07-20 14:23:21,461 - robTrader.Scheduler - INFO - Holding current position for ATO.
2026-07-20 14:23:21,462 - robTrader.Scheduler - INFO - Analyzing BTCUSD...
2026-07-20 14:23:22,453 - robTrader.Scheduler - INFO - Strategy recommendation for BTCUSD: BUY (Score: 0.2) | Price: 64664.62
2026-07-20 14:23:22,566 - robTrader.Scheduler - INFO - Position size for BTCUSD already at or above maximum target size.
2026-07-20 14:23:22,566 - robTrader.Scheduler - INFO - Analyzing ETHUSD...
2026-07-20 14:23:22,827 - robTrader.Scheduler - INFO - Strategy recommendation for ETHUSD: HOLD (Score: 0.14) | Price: 1876.85
2026-07-20 14:23:22,936 - robTrader.Scheduler - INFO - Holding current position for ETHUSD.
2026-07-20 14:23:22,936 - robTrader.Scheduler - INFO - Analyzing SOLUSD...
2026-07-20 14:23:23,164 - robTrader.Scheduler - INFO - Strategy recommendation for SOLUSD: HOLD (Score: 0.12) | Price: 76.78
2026-07-20 14:23:23,271 - robTrader.Scheduler - INFO - Holding current position for SOLUSD.
2026-07-20 14:23:23,271 - robTrader.Scheduler - INFO - Analyzing LTCUSD...
2026-07-20 14:23:23,520 - robTrader.Scheduler - INFO - Strategy recommendation for LTCUSD: HOLD (Score: 0.06) | Price: 47.10
2026-07-20 14:23:23,632 - robTrader.Scheduler - INFO - Holding current position for LTCUSD.
2026-07-20 14:23:23,633 - robTrader.Scheduler - INFO - Analyzing DOGEUSD...
2026-07-20 14:23:23,884 - robTrader.Scheduler - INFO - Strategy recommendation for DOGEUSD: BUY (Score: 0.16) | Price: 0.07
2026-07-20 14:23:23,991 - robTrader.Scheduler - INFO - Position size for DOGEUSD already at or above maximum target size.
2026-07-20 14:23:23,991 - robTrader.Scheduler - INFO - Analyzing ADAUSD...
2026-07-20 14:23:24,261 - robTrader.Scheduler - INFO - Strategy recommendation for ADAUSD: HOLD (Score: -0.01) | Price: 0.16
2026-07-20 14:23:24,372 - robTrader.Scheduler - INFO - Holding current position for ADAUSD.
2026-07-20 14:23:24,373 - robTrader.Scheduler - INFO - Analyzing LINKUSD...
2026-07-20 14:23:24,653 - robTrader.Scheduler - INFO - Strategy recommendation for LINKUSD: HOLD (Score: -0.01) | Price: 8.46
2026-07-20 14:23:24,763 - robTrader.Scheduler - INFO - Holding current position for LINKUSD.
2026-07-20 14:23:24,768 - robTrader.Scheduler - INFO - Saved analysis metrics for 57 symbols to C:\Users\EM2025007512\.gemini\antigravity\scratch\robTrader\data_logs\analysis_state_alpaca_d86ffaae.json
2026-07-20 14:23:24,775 - robTrader.Scheduler - INFO - Spanish Tax Report generated successfully at: data_logs\spanish_tax_report_alpaca_d86ffaae.csv
2026-07-20 14:23:24,775 - robTrader.Scheduler - INFO - Net gains/losses: 0.0 EUR
2026-07-20 14:23:24,775 - robTrader.Scheduler - INFO - ------ Trading Cycle Finished ------
2026-07-20 14:23:26,090 - robTrader.Scheduler - INFO - Refreshed portfolio: Cash = 849564.31 | Total Value = 1000465.54
2026-07-20 14:23:36,512 - robTrader.Scheduler - INFO - Refreshed portfolio: Cash = 849564.31 | Total Value = 1000465.54
2026-07-20 14:23:46,945 - robTrader.Scheduler - INFO - Refreshed portfolio: Cash = 849564.31 | Total Value = 1000465.54
2026-07-20 14:23:57,392 - robTrader.Scheduler - INFO - Refreshed portfolio: Cash = 849564.31 | Total Value = 1000465.54
2026-07-20 14:24:07,825 - robTrader.Scheduler - INFO - Refreshed portfolio: Cash = 849564.31 | Total Value = 1000465.54
2026-07-20 14:24:18,256 - robTrader.Scheduler - INFO - Refreshed portfolio: Cash = 849564.31 | Total Value = 1000465.54
2026-07-20 14:24:28,765 - robTrader.Scheduler - INFO - Refreshed portfolio: Cash = 849564.31 | Total Value = 1000465.54
2026-07-20 14:24:39,216 - robTrader.Scheduler - INFO - Refreshed portfolio: Cash = 849564.31 | Total Value = 1000465.54
2026-07-20 14:24:49,638 - robTrader.Scheduler - INFO - Refreshed portfolio: Cash = 849564.31 | Total Value = 1000465.54
2026-07-20 14:24:58,750 - robTrader.Scheduler - INFO - ------ Starting Trading Cycle ------
2026-07-20 14:24:58,750 - robTrader.Scheduler - INFO - Signal Thresholds: BUY >= 0.15 | SELL <= -0.1
2026-07-20 14:24:59,678 - robTrader.Scheduler - INFO - Dynamically scanned market. Target symbols for this cycle: ['MMM', 'AOS', 'ABT', 'ABBV', 'ACN', 'ADBE', 'AMD', 'AES', 'AFL', 'A', 'APD', 'ABNB', 'AKAM', 'ALB', 'ARE', 'ALGN', 'ALLE', 'LNT', 'ALL', 'GOOGL', 'GOOG', 'MO', 'AMZN', 'AMCR', 'AEE', 'AEP', 'AXP', 'AIG', 'AMT', 'AWK', 'AMP', 'AME', 'AMGN', 'APH', 'ADI', 'AON', 'APA', 'APO', 'AAPL', 'AMAT', 'APP', 'APTV', 'ACGL', 'ADM', 'ARES', 'ANET', 'AJG', 'AIZ', 'T', 'ATO', 'BTCUSD', 'ETHUSD', 'SOLUSD', 'LTCUSD', 'DOGEUSD', 'ADAUSD', 'LINKUSD']
2026-07-20 14:25:00,182 - robTrader.Scheduler - INFO - Broker Cash: 849564.31 | Reserved in Pending Buys: 450220.83 | Estimated Available Cash: 399343.48
2026-07-20 14:25:00,182 - robTrader.Scheduler - INFO - Portfolio Value: 1000465.54 | Cash: 399343.48 | Open Positions: ['BTCUSD', 'DOGEUSD']
2026-07-20 14:25:00,182 - robTrader.Scheduler - INFO - Analyzing MMM...
2026-07-20 14:25:04,908 - robTrader.Scheduler - INFO - Strategy recommendation for MMM: HOLD (Score: 0.11) | Price: 159.84
2026-07-20 14:25:05,016 - robTrader.Scheduler - INFO - Holding current position for MMM.
2026-07-20 14:25:05,017 - robTrader.Scheduler - INFO - Analyzing AOS...
2026-07-20 14:25:05,263 - robTrader.Scheduler - INFO - Strategy recommendation for AOS: HOLD (Score: 0.07) | Price: 58.85
2026-07-20 14:25:05,378 - robTrader.Scheduler - INFO - Holding current position for AOS.
2026-07-20 14:25:05,378 - robTrader.Scheduler - INFO - Analyzing ABT...
2026-07-20 14:25:05,606 - robTrader.Scheduler - INFO - Strategy recommendation for ABT: BUY (Score: 0.19) | Price: 100.68
2026-07-20 14:25:05,715 - robTrader.Scheduler - INFO - Skipping BUY order for ABT: Already has 1 pending order(s) active in broker.
2026-07-20 14:25:05,715 - robTrader.Scheduler - INFO - Analyzing ABBV...
2026-07-20 14:25:05,938 - robTrader.Scheduler - INFO - Strategy recommendation for ABBV: HOLD (Score: 0.09) | Price: 254.49
2026-07-20 14:25:06,048 - robTrader.Scheduler - INFO - Holding current position for ABBV.
2026-07-20 14:25:06,049 - robTrader.Scheduler - INFO - Analyzing ACN...
2026-07-20 14:25:06,285 - robTrader.Scheduler - INFO - Strategy recommendation for ACN: HOLD (Score: 0.04) | Price: 143.57
2026-07-20 14:25:06,393 - robTrader.Scheduler - INFO - Holding current position for ACN.
2026-07-20 14:25:06,394 - robTrader.Scheduler - INFO - Analyzing ADBE...
2026-07-20 14:25:06,630 - robTrader.Scheduler - INFO - Strategy recommendation for ADBE: HOLD (Score: 0.0) | Price: 237.25
2026-07-20 14:25:06,745 - robTrader.Scheduler - INFO - Holding current position for ADBE.
2026-07-20 14:25:06,745 - robTrader.Scheduler - INFO - Analyzing AMD...
2026-07-20 14:25:06,997 - robTrader.Scheduler - INFO - Strategy recommendation for AMD: HOLD (Score: 0.11) | Price: 495.76
2026-07-20 14:25:07,107 - robTrader.Scheduler - INFO - Holding current position for AMD.
2026-07-20 14:25:07,108 - robTrader.Scheduler - INFO - Analyzing AES...
2026-07-20 14:25:07,341 - robTrader.Scheduler - INFO - Strategy recommendation for AES: HOLD (Score: 0.11) | Price: 14.77
2026-07-20 14:25:07,453 - robTrader.Scheduler - INFO - Holding current position for AES.
2026-07-20 14:25:07,453 - robTrader.Scheduler - INFO - Analyzing AFL...
2026-07-20 14:25:07,713 - robTrader.Scheduler - INFO - Strategy recommendation for AFL: HOLD (Score: 0.0) | Price: 124.72
2026-07-20 14:25:07,822 - robTrader.Scheduler - INFO - Holding current position for AFL.
2026-07-20 14:25:07,823 - robTrader.Scheduler - INFO - Analyzing A...
2026-07-20 14:25:08,085 - robTrader.Scheduler - INFO - Strategy recommendation for A: HOLD (Score: 0.11) | Price: 131.46
2026-07-20 14:25:08,199 - robTrader.Scheduler - INFO - Holding current position for A.
2026-07-20 14:25:08,199 - robTrader.Scheduler - INFO - Analyzing APD...
2026-07-20 14:25:08,465 - robTrader.Scheduler - INFO - Strategy recommendation for APD: HOLD (Score: 0.07) | Price: 295.62
2026-07-20 14:25:08,576 - robTrader.Scheduler - INFO - Holding current position for APD.
2026-07-20 14:25:08,577 - robTrader.Scheduler - INFO - Analyzing ABNB...
2026-07-20 14:25:08,814 - robTrader.Scheduler - INFO - Strategy recommendation for ABNB: HOLD (Score: 0.07) | Price: 145.98
2026-07-20 14:25:08,921 - robTrader.Scheduler - INFO - Holding current position for ABNB.
2026-07-20 14:25:08,921 - robTrader.Scheduler - INFO - Analyzing AKAM...
2026-07-20 14:25:09,155 - robTrader.Scheduler - INFO - Strategy recommendation for AKAM: HOLD (Score: 0.0) | Price: 120.19
2026-07-20 14:25:09,266 - robTrader.Scheduler - INFO - Holding current position for AKAM.
2026-07-20 14:25:09,267 - robTrader.Scheduler - INFO - Analyzing ALB...
2026-07-20 14:25:09,504 - robTrader.Scheduler - INFO - Strategy recommendation for ALB: BUY (Score: 0.19) | Price: 120.78
2026-07-20 14:25:09,611 - robTrader.Scheduler - INFO - Skipping BUY order for ALB: Already has 1 pending order(s) active in broker.
2026-07-20 14:25:09,611 - robTrader.Scheduler - INFO - Analyzing ARE...
2026-07-20 14:25:09,846 - robTrader.Scheduler - INFO - Strategy recommendation for ARE: HOLD (Score: 0.11) | Price: 50.22
2026-07-20 14:25:09,954 - robTrader.Scheduler - INFO - Holding current position for ARE.
2026-07-20 14:25:09,955 - robTrader.Scheduler - INFO - Analyzing ALGN...
2026-07-20 14:25:10,194 - robTrader.Scheduler - INFO - Strategy recommendation for ALGN: HOLD (Score: 0.0) | Price: 176.76
2026-07-20 14:25:10,306 - robTrader.Scheduler - INFO - Holding current position for ALGN.
2026-07-20 14:25:10,306 - robTrader.Scheduler - INFO - Analyzing ALLE...
2026-07-20 14:25:10,530 - robTrader.Scheduler - INFO - Strategy recommendation for ALLE: HOLD (Score: 0.04) | Price: 137.24
2026-07-20 14:25:10,638 - robTrader.Scheduler - INFO - Holding current position for ALLE.
2026-07-20 14:25:10,638 - robTrader.Scheduler - INFO - Analyzing LNT...
2026-07-20 14:25:10,861 - robTrader.Scheduler - INFO - Strategy recommendation for LNT: HOLD (Score: 0.11) | Price: 74.82
2026-07-20 14:25:10,970 - robTrader.Scheduler - INFO - Holding current position for LNT.
2026-07-20 14:25:10,970 - robTrader.Scheduler - INFO - Analyzing ALL...
2026-07-20 14:25:11,202 - robTrader.Scheduler - INFO - Strategy recommendation for ALL: HOLD (Score: 0.11) | Price: 249.90
2026-07-20 14:25:11,309 - robTrader.Scheduler - INFO - Holding current position for ALL.
2026-07-20 14:25:11,309 - robTrader.Scheduler - INFO - Analyzing GOOGL...
2026-07-20 14:25:11,526 - robTrader.Scheduler - INFO - Strategy recommendation for GOOGL: HOLD (Score: 0.04) | Price: 346.77
2026-07-20 14:25:11,633 - robTrader.Scheduler - INFO - Holding current position for GOOGL.
2026-07-20 14:25:11,633 - robTrader.Scheduler - INFO - Analyzing GOOG...
2026-07-20 14:25:11,865 - robTrader.Scheduler - INFO - Strategy recommendation for GOOG: HOLD (Score: -0.04) | Price: 346.12
2026-07-20 14:25:11,972 - robTrader.Scheduler - INFO - Holding current position for GOOG.
2026-07-20 14:25:11,972 - robTrader.Scheduler - INFO - Analyzing MO...
2026-07-20 14:25:12,237 - robTrader.Scheduler - INFO - Strategy recommendation for MO: HOLD (Score: 0.11) | Price: 74.21
2026-07-20 14:25:12,344 - robTrader.Scheduler - INFO - Holding current position for MO.
2026-07-20 14:25:12,344 - robTrader.Scheduler - INFO - Analyzing AMZN...
2026-07-20 14:25:12,609 - robTrader.Scheduler - INFO - Strategy recommendation for AMZN: HOLD (Score: 0.04) | Price: 247.23
2026-07-20 14:25:12,717 - robTrader.Scheduler - INFO - Holding current position for AMZN.
2026-07-20 14:25:12,717 - robTrader.Scheduler - INFO - Analyzing AMCR...
2026-07-20 14:25:12,953 - robTrader.Scheduler - INFO - Strategy recommendation for AMCR: HOLD (Score: 0.07) | Price: 43.94
2026-07-20 14:25:13,063 - robTrader.Scheduler - INFO - Holding current position for AMCR.
2026-07-20 14:25:13,064 - robTrader.Scheduler - INFO - Analyzing AEE...
2026-07-20 14:25:13,330 - robTrader.Scheduler - INFO - Strategy recommendation for AEE: HOLD (Score: 0.11) | Price: 111.55
2026-07-20 14:25:13,443 - robTrader.Scheduler - INFO - Holding current position for AEE.
2026-07-20 14:25:13,443 - robTrader.Scheduler - INFO - Analyzing AEP...
2026-07-20 14:25:13,734 - robTrader.Scheduler - INFO - Strategy recommendation for AEP: HOLD (Score: 0.11) | Price: 132.14
2026-07-20 14:25:13,901 - robTrader.Scheduler - INFO - Holding current position for AEP.
2026-07-20 14:25:13,901 - robTrader.Scheduler - INFO - Analyzing AXP...
2026-07-20 14:25:14,124 - robTrader.Scheduler - INFO - Strategy recommendation for AXP: HOLD (Score: 0.07) | Price: 355.35
2026-07-20 14:25:14,230 - robTrader.Scheduler - INFO - Holding current position for AXP.
2026-07-20 14:25:14,230 - robTrader.Scheduler - INFO - Analyzing AIG...
2026-07-20 14:25:14,451 - robTrader.Scheduler - INFO - Strategy recommendation for AIG: BUY (Score: 0.15) | Price: 80.50
2026-07-20 14:25:14,558 - robTrader.Scheduler - INFO - Skipping BUY order for AIG: Already has 1 pending order(s) active in broker.
2026-07-20 14:25:14,558 - robTrader.Scheduler - INFO - Analyzing AMT...
2026-07-20 14:25:14,782 - robTrader.Scheduler - INFO - Strategy recommendation for AMT: HOLD (Score: 0.11) | Price: 170.06
2026-07-20 14:25:14,888 - robTrader.Scheduler - INFO - Holding current position for AMT.
2026-07-20 14:25:14,888 - robTrader.Scheduler - INFO - Analyzing AWK...
2026-07-20 14:25:15,125 - robTrader.Scheduler - INFO - Strategy recommendation for AWK: HOLD (Score: 0.04) | Price: 135.11
2026-07-20 14:25:15,235 - robTrader.Scheduler - INFO - Holding current position for AWK.
2026-07-20 14:25:15,235 - robTrader.Scheduler - INFO - Analyzing AMP...
2026-07-20 14:25:15,462 - robTrader.Scheduler - INFO - Strategy recommendation for AMP: HOLD (Score: 0.04) | Price: 527.87
2026-07-20 14:25:15,567 - robTrader.Scheduler - INFO - Holding current position for AMP.
2026-07-20 14:25:15,567 - robTrader.Scheduler - INFO - Analyzing AME...
2026-07-20 14:25:15,780 - robTrader.Scheduler - INFO - Strategy recommendation for AME: HOLD (Score: 0.07) | Price: 237.00
2026-07-20 14:25:15,887 - robTrader.Scheduler - INFO - Holding current position for AME.
2026-07-20 14:25:15,887 - robTrader.Scheduler - INFO - Analyzing AMGN...
2026-07-20 14:25:16,115 - robTrader.Scheduler - INFO - Strategy recommendation for AMGN: HOLD (Score: 0.04) | Price: 366.29
2026-07-20 14:25:16,223 - robTrader.Scheduler - INFO - Holding current position for AMGN.
2026-07-20 14:25:16,223 - robTrader.Scheduler - INFO - Analyzing APH...
2026-07-20 14:25:16,443 - robTrader.Scheduler - INFO - Strategy recommendation for APH: BUY (Score: 0.15) | Price: 151.20
2026-07-20 14:25:16,554 - robTrader.Scheduler - INFO - Skipping BUY order for APH: Already has 1 pending order(s) active in broker.
2026-07-20 14:25:16,554 - robTrader.Scheduler - INFO - Analyzing ADI...
2026-07-20 14:25:16,787 - robTrader.Scheduler - INFO - Strategy recommendation for ADI: HOLD (Score: 0.04) | Price: 375.36
2026-07-20 14:25:16,892 - robTrader.Scheduler - INFO - Holding current position for ADI.
2026-07-20 14:25:16,892 - robTrader.Scheduler - INFO - Analyzing AON...
2026-07-20 14:25:17,140 - robTrader.Scheduler - INFO - Strategy recommendation for AON: HOLD (Score: 0.11) | Price: 367.21
2026-07-20 14:25:17,250 - robTrader.Scheduler - INFO - Holding current position for AON.
2026-07-20 14:25:17,251 - robTrader.Scheduler - INFO - Analyzing APA...
2026-07-20 14:25:17,476 - robTrader.Scheduler - INFO - Strategy recommendation for APA: HOLD (Score: 0.11) | Price: 35.22
2026-07-20 14:25:17,583 - robTrader.Scheduler - INFO - Holding current position for APA.
2026-07-20 14:25:17,583 - robTrader.Scheduler - INFO - Analyzing APO...
2026-07-20 14:25:17,820 - robTrader.Scheduler - INFO - Strategy recommendation for APO: BUY (Score: 0.15) | Price: 120.47
2026-07-20 14:25:17,933 - robTrader.Scheduler - INFO - Skipping BUY order for APO: Already has 1 pending order(s) active in broker.
2026-07-20 14:25:17,933 - robTrader.Scheduler - INFO - Analyzing AAPL...
2026-07-20 14:25:18,173 - robTrader.Scheduler - INFO - Strategy recommendation for AAPL: HOLD (Score: 0.11) | Price: 333.74
2026-07-20 14:25:18,285 - robTrader.Scheduler - INFO - Holding current position for AAPL.
2026-07-20 14:25:18,285 - robTrader.Scheduler - INFO - Analyzing AMAT...
2026-07-20 14:25:18,570 - robTrader.Scheduler - INFO - Strategy recommendation for AMAT: HOLD (Score: 0.07) | Price: 529.66
2026-07-20 14:25:18,683 - robTrader.Scheduler - INFO - Holding current position for AMAT.
2026-07-20 14:25:18,684 - robTrader.Scheduler - INFO - Analyzing APP...
2026-07-20 14:25:18,949 - robTrader.Scheduler - INFO - Strategy recommendation for APP: HOLD (Score: 0.04) | Price: 424.54
2026-07-20 14:25:19,055 - robTrader.Scheduler - INFO - Holding current position for APP.
2026-07-20 14:25:19,056 - robTrader.Scheduler - INFO - Analyzing APTV...
2026-07-20 14:25:19,295 - robTrader.Scheduler - INFO - Strategy recommendation for APTV: HOLD (Score: 0.11) | Price: 57.47
2026-07-20 14:25:19,403 - robTrader.Scheduler - INFO - Holding current position for APTV.
2026-07-20 14:25:19,403 - robTrader.Scheduler - INFO - Analyzing ACGL...
2026-07-20 14:25:19,679 - robTrader.Scheduler - INFO - Strategy recommendation for ACGL: HOLD (Score: 0.04) | Price: 101.35
2026-07-20 14:25:19,788 - robTrader.Scheduler - INFO - Holding current position for ACGL.
2026-07-20 14:25:19,788 - robTrader.Scheduler - INFO - Analyzing ADM...
2026-07-20 14:25:20,025 - robTrader.Scheduler - INFO - Strategy recommendation for ADM: HOLD (Score: 0.07) | Price: 85.90
2026-07-20 14:25:20,134 - robTrader.Scheduler - INFO - Holding current position for ADM.
2026-07-20 14:25:20,134 - robTrader.Scheduler - INFO - Analyzing ARES...
2026-07-20 14:25:20,369 - robTrader.Scheduler - INFO - Strategy recommendation for ARES: BUY (Score: 0.15) | Price: 125.68
2026-07-20 14:25:20,475 - robTrader.Scheduler - INFO - Skipping BUY order for ARES: Already has 1 pending order(s) active in broker.
2026-07-20 14:25:20,475 - robTrader.Scheduler - INFO - Analyzing ANET...
2026-07-20 14:25:20,699 - robTrader.Scheduler - INFO - Strategy recommendation for ANET: HOLD (Score: 0.07) | Price: 168.61
2026-07-20 14:25:20,807 - robTrader.Scheduler - INFO - Holding current position for ANET.
2026-07-20 14:25:20,808 - robTrader.Scheduler - INFO - Analyzing AJG...
2026-07-20 14:25:21,034 - robTrader.Scheduler - INFO - Strategy recommendation for AJG: BUY (Score: 0.15) | Price: 253.90
2026-07-20 14:25:21,141 - robTrader.Scheduler - INFO - Skipping BUY order for AJG: Already has 1 pending order(s) active in broker.
2026-07-20 14:25:21,141 - robTrader.Scheduler - INFO - Analyzing AIZ...
2026-07-20 14:25:21,368 - robTrader.Scheduler - INFO - Strategy recommendation for AIZ: HOLD (Score: 0.11) | Price: 276.84
2026-07-20 14:25:21,480 - robTrader.Scheduler - INFO - Holding current position for AIZ.
2026-07-20 14:25:21,481 - robTrader.Scheduler - INFO - Analyzing T...
2026-07-20 14:25:21,723 - robTrader.Scheduler - INFO - Strategy recommendation for T: HOLD (Score: 0.04) | Price: 21.81
2026-07-20 14:25:21,833 - robTrader.Scheduler - INFO - Holding current position for T.
2026-07-20 14:25:21,833 - robTrader.Scheduler - INFO - Analyzing ATO...
2026-07-20 14:25:22,086 - robTrader.Scheduler - INFO - Strategy recommendation for ATO: HOLD (Score: 0.0) | Price: 177.68
2026-07-20 14:25:22,197 - robTrader.Scheduler - INFO - Holding current position for ATO.
2026-07-20 14:25:22,197 - robTrader.Scheduler - INFO - Analyzing BTCUSD...
2026-07-20 14:25:23,098 - robTrader.Scheduler - INFO - Strategy recommendation for BTCUSD: BUY (Score: 0.2) | Price: 64665.49
2026-07-20 14:25:23,209 - robTrader.Scheduler - INFO - Position size for BTCUSD already at or above maximum target size.
2026-07-20 14:25:23,210 - robTrader.Scheduler - INFO - Analyzing ETHUSD...
2026-07-20 14:25:23,468 - robTrader.Scheduler - INFO - Strategy recommendation for ETHUSD: HOLD (Score: 0.14) | Price: 1876.85
2026-07-20 14:25:23,577 - robTrader.Scheduler - INFO - Holding current position for ETHUSD.
2026-07-20 14:25:23,577 - robTrader.Scheduler - INFO - Analyzing SOLUSD...
2026-07-20 14:25:23,828 - robTrader.Scheduler - INFO - Strategy recommendation for SOLUSD: HOLD (Score: 0.12) | Price: 76.79
2026-07-20 14:25:23,938 - robTrader.Scheduler - INFO - Holding current position for SOLUSD.
2026-07-20 14:25:23,938 - robTrader.Scheduler - INFO - Analyzing LTCUSD...
2026-07-20 14:25:24,206 - robTrader.Scheduler - INFO - Strategy recommendation for LTCUSD: HOLD (Score: 0.06) | Price: 47.16
2026-07-20 14:25:24,315 - robTrader.Scheduler - INFO - Holding current position for LTCUSD.
2026-07-20 14:25:24,315 - robTrader.Scheduler - INFO - Analyzing DOGEUSD...
2026-07-20 14:25:24,538 - robTrader.Scheduler - INFO - Strategy recommendation for DOGEUSD: BUY (Score: 0.16) | Price: 0.07
2026-07-20 14:25:24,651 - robTrader.Scheduler - INFO - Position size for DOGEUSD already at or above maximum target size.
2026-07-20 14:25:24,651 - robTrader.Scheduler - INFO - Analyzing ADAUSD...
2026-07-20 14:25:24,879 - robTrader.Scheduler - INFO - Strategy recommendation for ADAUSD: HOLD (Score: -0.01) | Price: 0.16
2026-07-20 14:25:24,987 - robTrader.Scheduler - INFO - Holding current position for ADAUSD.
2026-07-20 14:25:24,987 - robTrader.Scheduler - INFO - Analyzing LINKUSD...
2026-07-20 14:25:25,213 - robTrader.Scheduler - INFO - Strategy recommendation for LINKUSD: HOLD (Score: -0.01) | Price: 8.46
2026-07-20 14:25:25,322 - robTrader.Scheduler - INFO - Holding current position for LINKUSD.
2026-07-20 14:25:25,328 - robTrader.Scheduler - INFO - Saved analysis metrics for 57 symbols to C:\Users\EM2025007512\.gemini\antigravity\scratch\robTrader\data_logs\analysis_state_alpaca_d86ffaae.json
2026-07-20 14:25:25,337 - robTrader.Scheduler - INFO - Spanish Tax Report generated successfully at: data_logs\spanish_tax_report_alpaca_d86ffaae.csv
2026-07-20 14:25:25,337 - robTrader.Scheduler - INFO - Net gains/losses: 0.0 EUR
2026-07-20 14:25:25,337 - robTrader.Scheduler - INFO - ------ Trading Cycle Finished ------
2026-07-20 14:25:26,652 - robTrader.Scheduler - INFO - Refreshed portfolio: Cash = 849564.31 | Total Value = 1000465.54
2026-07-20 14:25:37,100 - robTrader.Scheduler - INFO - Refreshed portfolio: Cash = 849564.31 | Total Value = 1000465.54
2026-07-20 14:25:47,587 - robTrader.Scheduler - INFO - Refreshed portfolio: Cash = 849564.31 | Total Value = 1000465.54
2026-07-20 14:25:58,029 - robTrader.Scheduler - INFO - Refreshed portfolio: Cash = 849564.31 | Total Value = 1000465.54
2026-07-20 14:26:08,490 - robTrader.Scheduler - INFO - Refreshed portfolio: Cash = 849564.31 | Total Value = 1000465.54
2026-07-20 14:26:18,916 - robTrader.Scheduler - INFO - Refreshed portfolio: Cash = 849564.31 | Total Value = 1000465.54
2026-07-20 14:26:29,377 - robTrader.Scheduler - INFO - Refreshed portfolio: Cash = 849564.31 | Total Value = 1000465.54
2026-07-20 14:26:39,874 - robTrader.Scheduler - INFO - Refreshed portfolio: Cash = 849564.31 | Total Value = 1000465.54
2026-07-20 14:26:50,319 - robTrader.Scheduler - INFO - Refreshed portfolio: Cash = 849564.31 | Total Value = 1000465.54
2026-07-20 14:26:59,446 - robTrader.Scheduler - INFO - ------ Starting Trading Cycle ------
2026-07-20 14:26:59,446 - robTrader.Scheduler - INFO - Signal Thresholds: BUY >= 0.15 | SELL <= -0.1
2026-07-20 14:27:03,482 - robTrader.Scheduler - INFO - Dynamically scanned market. Target symbols for this cycle: ['MMM', 'AOS', 'ABT', 'ABBV', 'ACN', 'ADBE', 'AMD', 'AES', 'AFL', 'A', 'APD', 'ABNB', 'AKAM', 'ALB', 'ARE', 'ALGN', 'ALLE', 'LNT', 'ALL', 'GOOGL', 'GOOG', 'MO', 'AMZN', 'AMCR', 'AEE', 'AEP', 'AXP', 'AIG', 'AMT', 'AWK', 'AMP', 'AME', 'AMGN', 'APH', 'ADI', 'AON', 'APA', 'APO', 'AAPL', 'AMAT', 'APP', 'APTV', 'ACGL', 'ADM', 'ARES', 'ANET', 'AJG', 'AIZ', 'T', 'ATO', 'BTCUSD', 'ETHUSD', 'SOLUSD', 'LTCUSD', 'DOGEUSD', 'ADAUSD', 'LINKUSD']
2026-07-20 14:27:03,894 - robTrader.Scheduler - INFO - Broker Cash: 849564.31 | Reserved in Pending Buys: 450220.83 | Estimated Available Cash: 399343.48
2026-07-20 14:27:03,895 - robTrader.Scheduler - INFO - Portfolio Value: 1000465.54 | Cash: 399343.48 | Open Positions: ['BTCUSD', 'DOGEUSD']
2026-07-20 14:27:03,895 - robTrader.Scheduler - INFO - Analyzing MMM...
2026-07-20 14:27:08,328 - robTrader.Scheduler - INFO - Strategy recommendation for MMM: HOLD (Score: 0.11) | Price: 159.84
2026-07-20 14:27:08,440 - robTrader.Scheduler - INFO - Holding current position for MMM.
2026-07-20 14:27:08,441 - robTrader.Scheduler - INFO - Analyzing AOS...
2026-07-20 14:27:08,675 - robTrader.Scheduler - INFO - Strategy recommendation for AOS: HOLD (Score: 0.07) | Price: 58.85
2026-07-20 14:27:08,781 - robTrader.Scheduler - INFO - Holding current position for AOS.
2026-07-20 14:27:08,781 - robTrader.Scheduler - INFO - Analyzing ABT...
2026-07-20 14:27:09,002 - robTrader.Scheduler - INFO - Strategy recommendation for ABT: BUY (Score: 0.19) | Price: 100.68
2026-07-20 14:27:09,108 - robTrader.Scheduler - INFO - Skipping BUY order for ABT: Already has 1 pending order(s) active in broker.
2026-07-20 14:27:09,108 - robTrader.Scheduler - INFO - Analyzing ABBV...
2026-07-20 14:27:09,337 - robTrader.Scheduler - INFO - Strategy recommendation for ABBV: HOLD (Score: 0.09) | Price: 254.49
2026-07-20 14:27:09,443 - robTrader.Scheduler - INFO - Holding current position for ABBV.
2026-07-20 14:27:09,444 - robTrader.Scheduler - INFO - Analyzing ACN...
2026-07-20 14:27:09,693 - robTrader.Scheduler - INFO - Strategy recommendation for ACN: HOLD (Score: 0.04) | Price: 143.57
2026-07-20 14:27:09,801 - robTrader.Scheduler - INFO - Holding current position for ACN.
2026-07-20 14:27:09,801 - robTrader.Scheduler - INFO - Analyzing ADBE...
2026-07-20 14:27:10,022 - robTrader.Scheduler - INFO - Strategy recommendation for ADBE: HOLD (Score: 0.0) | Price: 237.25
2026-07-20 14:27:10,178 - robTrader.Scheduler - INFO - Holding current position for ADBE.
2026-07-20 14:27:10,178 - robTrader.Scheduler - INFO - Analyzing AMD...
2026-07-20 14:27:10,423 - robTrader.Scheduler - INFO - Strategy recommendation for AMD: HOLD (Score: 0.11) | Price: 495.76
2026-07-20 14:27:10,531 - robTrader.Scheduler - INFO - Holding current position for AMD.
2026-07-20 14:27:10,531 - robTrader.Scheduler - INFO - Analyzing AES...
2026-07-20 14:27:10,777 - robTrader.Scheduler - INFO - Strategy recommendation for AES: HOLD (Score: 0.11) | Price: 14.77
2026-07-20 14:27:10,884 - robTrader.Scheduler - INFO - Holding current position for AES.
2026-07-20 14:27:10,884 - robTrader.Scheduler - INFO - Analyzing AFL...
2026-07-20 14:27:11,109 - robTrader.Scheduler - INFO - Strategy recommendation for AFL: HOLD (Score: 0.0) | Price: 124.72
2026-07-20 14:27:11,218 - robTrader.Scheduler - INFO - Holding current position for AFL.
2026-07-20 14:27:11,218 - robTrader.Scheduler - INFO - Analyzing A...
2026-07-20 14:27:11,462 - robTrader.Scheduler - INFO - Strategy recommendation for A: HOLD (Score: 0.11) | Price: 131.46
2026-07-20 14:27:11,571 - robTrader.Scheduler - INFO - Holding current position for A.
2026-07-20 14:27:11,572 - robTrader.Scheduler - INFO - Analyzing APD...
2026-07-20 14:27:11,803 - robTrader.Scheduler - INFO - Strategy recommendation for APD: HOLD (Score: 0.07) | Price: 295.62
2026-07-20 14:27:11,910 - robTrader.Scheduler - INFO - Holding current position for APD.
2026-07-20 14:27:11,910 - robTrader.Scheduler - INFO - Analyzing ABNB...
2026-07-20 14:27:12,135 - robTrader.Scheduler - INFO - Strategy recommendation for ABNB: HOLD (Score: 0.07) | Price: 145.98
2026-07-20 14:27:12,242 - robTrader.Scheduler - INFO - Holding current position for ABNB.
2026-07-20 14:27:12,243 - robTrader.Scheduler - INFO - Analyzing AKAM...
2026-07-20 14:27:12,511 - robTrader.Scheduler - INFO - Strategy recommendation for AKAM: HOLD (Score: 0.0) | Price: 120.19
2026-07-20 14:27:12,619 - robTrader.Scheduler - INFO - Holding current position for AKAM.
2026-07-20 14:27:12,619 - robTrader.Scheduler - INFO - Analyzing ALB...
2026-07-20 14:27:12,842 - robTrader.Scheduler - INFO - Strategy recommendation for ALB: BUY (Score: 0.19) | Price: 120.78
2026-07-20 14:27:12,954 - robTrader.Scheduler - INFO - Skipping BUY order for ALB: Already has 1 pending order(s) active in broker.
2026-07-20 14:27:12,954 - robTrader.Scheduler - INFO - Analyzing ARE...
2026-07-20 14:27:13,199 - robTrader.Scheduler - INFO - Strategy recommendation for ARE: HOLD (Score: 0.11) | Price: 50.22
2026-07-20 14:27:13,309 - robTrader.Scheduler - INFO - Holding current position for ARE.
2026-07-20 14:27:13,309 - robTrader.Scheduler - INFO - Analyzing ALGN...
2026-07-20 14:27:13,555 - robTrader.Scheduler - INFO - Strategy recommendation for ALGN: HOLD (Score: 0.0) | Price: 176.76
2026-07-20 14:27:13,665 - robTrader.Scheduler - INFO - Holding current position for ALGN.
2026-07-20 14:27:13,665 - robTrader.Scheduler - INFO - Analyzing ALLE...
2026-07-20 14:27:13,930 - robTrader.Scheduler - INFO - Strategy recommendation for ALLE: HOLD (Score: 0.04) | Price: 137.24
2026-07-20 14:27:14,044 - robTrader.Scheduler - INFO - Holding current position for ALLE.
2026-07-20 14:27:14,045 - robTrader.Scheduler - INFO - Analyzing LNT...
2026-07-20 14:27:14,305 - robTrader.Scheduler - INFO - Strategy recommendation for LNT: HOLD (Score: 0.11) | Price: 74.82
2026-07-20 14:27:14,418 - robTrader.Scheduler - INFO - Holding current position for LNT.
2026-07-20 14:27:14,418 - robTrader.Scheduler - INFO - Analyzing ALL...
2026-07-20 14:27:14,656 - robTrader.Scheduler - INFO - Strategy recommendation for ALL: HOLD (Score: 0.11) | Price: 249.90
2026-07-20 14:27:14,765 - robTrader.Scheduler - INFO - Holding current position for ALL.
2026-07-20 14:27:14,765 - robTrader.Scheduler - INFO - Analyzing GOOGL...
2026-07-20 14:27:15,007 - robTrader.Scheduler - INFO - Strategy recommendation for GOOGL: HOLD (Score: 0.04) | Price: 346.77
2026-07-20 14:27:15,151 - robTrader.Scheduler - INFO - Holding current position for GOOGL.
2026-07-20 14:27:15,151 - robTrader.Scheduler - INFO - Analyzing GOOG...
2026-07-20 14:27:15,382 - robTrader.Scheduler - INFO - Strategy recommendation for GOOG: HOLD (Score: -0.04) | Price: 346.12
2026-07-20 14:27:15,493 - robTrader.Scheduler - INFO - Holding current position for GOOG.
2026-07-20 14:27:15,493 - robTrader.Scheduler - INFO - Analyzing MO...
2026-07-20 14:27:15,724 - robTrader.Scheduler - INFO - Strategy recommendation for MO: HOLD (Score: 0.11) | Price: 74.21
2026-07-20 14:27:15,834 - robTrader.Scheduler - INFO - Holding current position for MO.
2026-07-20 14:27:15,834 - robTrader.Scheduler - INFO - Analyzing AMZN...
2026-07-20 14:27:16,061 - robTrader.Scheduler - INFO - Strategy recommendation for AMZN: HOLD (Score: 0.04) | Price: 247.23
2026-07-20 14:27:16,166 - robTrader.Scheduler - INFO - Holding current position for AMZN.
2026-07-20 14:27:16,166 - robTrader.Scheduler - INFO - Analyzing AMCR...
2026-07-20 14:27:16,408 - robTrader.Scheduler - INFO - Strategy recommendation for AMCR: HOLD (Score: 0.07) | Price: 43.94
2026-07-20 14:27:16,514 - robTrader.Scheduler - INFO - Holding current position for AMCR.
2026-07-20 14:27:16,514 - robTrader.Scheduler - INFO - Analyzing AEE...
2026-07-20 14:27:16,748 - robTrader.Scheduler - INFO - Strategy recommendation for AEE: HOLD (Score: 0.11) | Price: 111.55
2026-07-20 14:27:16,854 - robTrader.Scheduler - INFO - Holding current position for AEE.
2026-07-20 14:27:16,854 - robTrader.Scheduler - INFO - Analyzing AEP...
2026-07-20 14:27:17,081 - robTrader.Scheduler - INFO - Strategy recommendation for AEP: HOLD (Score: 0.11) | Price: 132.14
2026-07-20 14:27:17,185 - robTrader.Scheduler - INFO - Holding current position for AEP.
2026-07-20 14:27:17,185 - robTrader.Scheduler - INFO - Analyzing AXP...
2026-07-20 14:27:17,424 - robTrader.Scheduler - INFO - Strategy recommendation for AXP: HOLD (Score: 0.07) | Price: 355.35
2026-07-20 14:27:17,534 - robTrader.Scheduler - INFO - Holding current position for AXP.
2026-07-20 14:27:17,534 - robTrader.Scheduler - INFO - Analyzing AIG...
2026-07-20 14:27:17,772 - robTrader.Scheduler - INFO - Strategy recommendation for AIG: BUY (Score: 0.15) | Price: 80.50
2026-07-20 14:27:17,883 - robTrader.Scheduler - INFO - Skipping BUY order for AIG: Already has 1 pending order(s) active in broker.
2026-07-20 14:27:17,884 - robTrader.Scheduler - INFO - Analyzing AMT...
2026-07-20 14:27:18,134 - robTrader.Scheduler - INFO - Strategy recommendation for AMT: HOLD (Score: 0.11) | Price: 170.06
2026-07-20 14:27:18,268 - robTrader.Scheduler - INFO - Holding current position for AMT.
2026-07-20 14:27:18,268 - robTrader.Scheduler - INFO - Analyzing AWK...
2026-07-20 14:27:18,497 - robTrader.Scheduler - INFO - Strategy recommendation for AWK: HOLD (Score: 0.04) | Price: 135.11
2026-07-20 14:27:18,606 - robTrader.Scheduler - INFO - Holding current position for AWK.
2026-07-20 14:27:18,606 - robTrader.Scheduler - INFO - Analyzing AMP...
2026-07-20 14:27:18,838 - robTrader.Scheduler - INFO - Strategy recommendation for AMP: HOLD (Score: 0.04) | Price: 527.87
2026-07-20 14:27:18,948 - robTrader.Scheduler - INFO - Holding current position for AMP.
2026-07-20 14:27:18,948 - robTrader.Scheduler - INFO - Analyzing AME...
2026-07-20 14:27:19,175 - robTrader.Scheduler - INFO - Strategy recommendation for AME: HOLD (Score: 0.07) | Price: 237.00
2026-07-20 14:27:19,281 - robTrader.Scheduler - INFO - Holding current position for AME.
2026-07-20 14:27:19,281 - robTrader.Scheduler - INFO - Analyzing AMGN...
2026-07-20 14:27:19,510 - robTrader.Scheduler - INFO - Strategy recommendation for AMGN: HOLD (Score: 0.04) | Price: 366.29
2026-07-20 14:27:19,618 - robTrader.Scheduler - INFO - Holding current position for AMGN.
2026-07-20 14:27:19,618 - robTrader.Scheduler - INFO - Analyzing APH...
2026-07-20 14:27:19,844 - robTrader.Scheduler - INFO - Strategy recommendation for APH: BUY (Score: 0.15) | Price: 151.20
2026-07-20 14:27:19,949 - robTrader.Scheduler - INFO - Skipping BUY order for APH: Already has 1 pending order(s) active in broker.
2026-07-20 14:27:19,949 - robTrader.Scheduler - INFO - Analyzing ADI...
2026-07-20 14:27:20,194 - robTrader.Scheduler - INFO - Strategy recommendation for ADI: HOLD (Score: 0.04) | Price: 375.36
2026-07-20 14:27:20,301 - robTrader.Scheduler - INFO - Holding current position for ADI.
2026-07-20 14:27:20,301 - robTrader.Scheduler - INFO - Analyzing AON...
2026-07-20 14:27:20,537 - robTrader.Scheduler - INFO - Strategy recommendation for AON: HOLD (Score: 0.11) | Price: 367.21
2026-07-20 14:27:20,642 - robTrader.Scheduler - INFO - Holding current position for AON.
2026-07-20 14:27:20,642 - robTrader.Scheduler - INFO - Analyzing APA...
2026-07-20 14:27:20,872 - robTrader.Scheduler - INFO - Strategy recommendation for APA: HOLD (Score: 0.11) | Price: 35.22
2026-07-20 14:27:20,976 - robTrader.Scheduler - INFO - Holding current position for APA.
2026-07-20 14:27:20,976 - robTrader.Scheduler - INFO - Analyzing APO...
2026-07-20 14:27:21,211 - robTrader.Scheduler - INFO - Strategy recommendation for APO: BUY (Score: 0.15) | Price: 120.47
2026-07-20 14:27:21,320 - robTrader.Scheduler - INFO - Skipping BUY order for APO: Already has 1 pending order(s) active in broker.
2026-07-20 14:27:21,320 - robTrader.Scheduler - INFO - Analyzing AAPL...
2026-07-20 14:27:21,545 - robTrader.Scheduler - INFO - Strategy recommendation for AAPL: HOLD (Score: 0.11) | Price: 333.74
2026-07-20 14:27:21,652 - robTrader.Scheduler - INFO - Holding current position for AAPL.
2026-07-20 14:27:21,652 - robTrader.Scheduler - INFO - Analyzing AMAT...
2026-07-20 14:27:21,877 - robTrader.Scheduler - INFO - Strategy recommendation for AMAT: HOLD (Score: 0.07) | Price: 529.66
2026-07-20 14:27:21,982 - robTrader.Scheduler - INFO - Holding current position for AMAT.
2026-07-20 14:27:21,982 - robTrader.Scheduler - INFO - Analyzing APP...
2026-07-20 14:27:22,204 - robTrader.Scheduler - INFO - Strategy recommendation for APP: HOLD (Score: 0.04) | Price: 424.54
2026-07-20 14:27:22,314 - robTrader.Scheduler - INFO - Holding current position for APP.
2026-07-20 14:27:22,314 - robTrader.Scheduler - INFO - Analyzing APTV...
2026-07-20 14:27:22,547 - robTrader.Scheduler - INFO - Strategy recommendation for APTV: HOLD (Score: 0.11) | Price: 57.47
2026-07-20 14:27:22,653 - robTrader.Scheduler - INFO - Holding current position for APTV.
2026-07-20 14:27:22,653 - robTrader.Scheduler - INFO - Analyzing ACGL...
2026-07-20 14:27:22,879 - robTrader.Scheduler - INFO - Strategy recommendation for ACGL: HOLD (Score: 0.04) | Price: 101.35
2026-07-20 14:27:22,984 - robTrader.Scheduler - INFO - Holding current position for ACGL.
2026-07-20 14:27:22,984 - robTrader.Scheduler - INFO - Analyzing ADM...
2026-07-20 14:27:23,210 - robTrader.Scheduler - INFO - Strategy recommendation for ADM: HOLD (Score: 0.07) | Price: 85.90
2026-07-20 14:27:23,317 - robTrader.Scheduler - INFO - Holding current position for ADM.
2026-07-20 14:27:23,317 - robTrader.Scheduler - INFO - Analyzing ARES...
2026-07-20 14:27:23,554 - robTrader.Scheduler - INFO - Strategy recommendation for ARES: BUY (Score: 0.15) | Price: 125.68
2026-07-20 14:27:23,662 - robTrader.Scheduler - INFO - Skipping BUY order for ARES: Already has 1 pending order(s) active in broker.
2026-07-20 14:27:23,662 - robTrader.Scheduler - INFO - Analyzing ANET...
2026-07-20 14:27:23,890 - robTrader.Scheduler - INFO - Strategy recommendation for ANET: HOLD (Score: 0.07) | Price: 168.61
2026-07-20 14:27:23,995 - robTrader.Scheduler - INFO - Holding current position for ANET.
2026-07-20 14:27:23,995 - robTrader.Scheduler - INFO - Analyzing AJG...
2026-07-20 14:27:24,217 - robTrader.Scheduler - INFO - Strategy recommendation for AJG: BUY (Score: 0.15) | Price: 253.90
2026-07-20 14:27:24,324 - robTrader.Scheduler - INFO - Skipping BUY order for AJG: Already has 1 pending order(s) active in broker.
2026-07-20 14:27:24,324 - robTrader.Scheduler - INFO - Analyzing AIZ...
2026-07-20 14:27:24,551 - robTrader.Scheduler - INFO - Strategy recommendation for AIZ: HOLD (Score: 0.11) | Price: 276.84
2026-07-20 14:27:24,656 - robTrader.Scheduler - INFO - Holding current position for AIZ.
2026-07-20 14:27:24,656 - robTrader.Scheduler - INFO - Analyzing T...
2026-07-20 14:27:24,891 - robTrader.Scheduler - INFO - Strategy recommendation for T: HOLD (Score: 0.04) | Price: 21.81
2026-07-20 14:27:24,996 - robTrader.Scheduler - INFO - Holding current position for T.
2026-07-20 14:27:24,996 - robTrader.Scheduler - INFO - Analyzing ATO...
2026-07-20 14:27:25,231 - robTrader.Scheduler - INFO - Strategy recommendation for ATO: HOLD (Score: 0.0) | Price: 177.68
2026-07-20 14:27:25,340 - robTrader.Scheduler - INFO - Holding current position for ATO.
2026-07-20 14:27:25,340 - robTrader.Scheduler - INFO - Analyzing BTCUSD...
2026-07-20 14:27:26,153 - robTrader.Scheduler - INFO - Strategy recommendation for BTCUSD: BUY (Score: 0.2) | Price: 64635.02
2026-07-20 14:27:26,335 - robTrader.Scheduler - INFO - Position size for BTCUSD already at or above maximum target size.
2026-07-20 14:27:26,335 - robTrader.Scheduler - INFO - Analyzing ETHUSD...
2026-07-20 14:27:26,605 - robTrader.Scheduler - INFO - Strategy recommendation for ETHUSD: HOLD (Score: 0.14) | Price: 1875.50
2026-07-20 14:27:26,714 - robTrader.Scheduler - INFO - Holding current position for ETHUSD.
2026-07-20 14:27:26,714 - robTrader.Scheduler - INFO - Analyzing SOLUSD...
2026-07-20 14:27:26,970 - robTrader.Scheduler - INFO - Strategy recommendation for SOLUSD: HOLD (Score: 0.12) | Price: 76.79
2026-07-20 14:27:27,086 - robTrader.Scheduler - INFO - Holding current position for SOLUSD.
2026-07-20 14:27:27,086 - robTrader.Scheduler - INFO - Analyzing LTCUSD...
2026-07-20 14:27:27,334 - robTrader.Scheduler - INFO - Strategy recommendation for LTCUSD: HOLD (Score: 0.06) | Price: 47.16
2026-07-20 14:27:27,441 - robTrader.Scheduler - INFO - Holding current position for LTCUSD.
2026-07-20 14:27:27,441 - robTrader.Scheduler - INFO - Analyzing DOGEUSD...
2026-07-20 14:27:27,684 - robTrader.Scheduler - INFO - Strategy recommendation for DOGEUSD: BUY (Score: 0.16) | Price: 0.07
2026-07-20 14:27:27,795 - robTrader.Scheduler - INFO - Position size for DOGEUSD already at or above maximum target size.
2026-07-20 14:27:27,795 - robTrader.Scheduler - INFO - Analyzing ADAUSD...
2026-07-20 14:27:28,045 - robTrader.Scheduler - INFO - Strategy recommendation for ADAUSD: HOLD (Score: -0.01) | Price: 0.16
2026-07-20 14:27:28,159 - robTrader.Scheduler - INFO - Holding current position for ADAUSD.
2026-07-20 14:27:28,160 - robTrader.Scheduler - INFO - Analyzing LINKUSD...
2026-07-20 14:27:28,399 - robTrader.Scheduler - INFO - Strategy recommendation for LINKUSD: HOLD (Score: -0.01) | Price: 8.47
2026-07-20 14:27:28,507 - robTrader.Scheduler - INFO - Holding current position for LINKUSD.
2026-07-20 14:27:28,513 - robTrader.Scheduler - INFO - Saved analysis metrics for 57 symbols to C:\Users\EM2025007512\.gemini\antigravity\scratch\robTrader\data_logs\analysis_state_alpaca_d86ffaae.json
2026-07-20 14:27:28,522 - robTrader.Scheduler - INFO - Spanish Tax Report generated successfully at: data_logs\spanish_tax_report_alpaca_d86ffaae.csv
2026-07-20 14:27:28,522 - robTrader.Scheduler - INFO - Net gains/losses: 0.0 EUR
2026-07-20 14:27:28,523 - robTrader.Scheduler - INFO - ------ Trading Cycle Finished ------
2026-07-20 14:27:29,850 - robTrader.Scheduler - INFO - Refreshed portfolio: Cash = 849564.31 | Total Value = 1000465.54
2026-07-20 14:27:40,272 - robTrader.Scheduler - INFO - Refreshed portfolio: Cash = 849564.31 | Total Value = 1000465.54
2026-07-20 14:27:50,714 - robTrader.Scheduler - INFO - Refreshed portfolio: Cash = 849564.31 | Total Value = 1000298.10
2026-07-20 14:28:01,145 - robTrader.Scheduler - INFO - Refreshed portfolio: Cash = 849564.31 | Total Value = 1000298.10
2026-07-20 14:28:11,585 - robTrader.Scheduler - INFO - Refreshed portfolio: Cash = 849564.31 | Total Value = 1000298.10
2026-07-20 14:28:22,035 - robTrader.Scheduler - INFO - Refreshed portfolio: Cash = 849564.31 | Total Value = 1000298.10
2026-07-20 14:28:32,463 - robTrader.Scheduler - INFO - Refreshed portfolio: Cash = 849564.31 | Total Value = 1000298.10
2026-07-20 14:28:42,890 - robTrader.Scheduler - INFO - Refreshed portfolio: Cash = 849564.31 | Total Value = 1000298.10
2026-07-20 14:28:53,315 - robTrader.Scheduler - INFO - Refreshed portfolio: Cash = 849564.31 | Total Value = 1000298.10
2026-07-20 14:29:00,428 - robTrader.Scheduler - INFO - ------ Starting Trading Cycle ------
2026-07-20 14:29:00,429 - robTrader.Scheduler - INFO - Signal Thresholds: BUY >= 0.15 | SELL <= -0.1
2026-07-20 14:29:01,366 - robTrader.Scheduler - INFO - Dynamically scanned market. Target symbols for this cycle: ['MMM', 'AOS', 'ABT', 'ABBV', 'ACN', 'ADBE', 'AMD', 'AES', 'AFL', 'A', 'APD', 'ABNB', 'AKAM', 'ALB', 'ARE', 'ALGN', 'ALLE', 'LNT', 'ALL', 'GOOGL', 'GOOG', 'MO', 'AMZN', 'AMCR', 'AEE', 'AEP', 'AXP', 'AIG', 'AMT', 'AWK', 'AMP', 'AME', 'AMGN', 'APH', 'ADI', 'AON', 'APA', 'APO', 'AAPL', 'AMAT', 'APP', 'APTV', 'ACGL', 'ADM', 'ARES', 'ANET', 'AJG', 'AIZ', 'T', 'ATO', 'BTCUSD', 'ETHUSD', 'SOLUSD', 'LTCUSD', 'DOGEUSD', 'ADAUSD', 'LINKUSD']
2026-07-20 14:29:01,886 - robTrader.Scheduler - INFO - Broker Cash: 849564.31 | Reserved in Pending Buys: 450220.83 | Estimated Available Cash: 399343.48
2026-07-20 14:29:01,886 - robTrader.Scheduler - INFO - Portfolio Value: 1000298.10 | Cash: 399343.48 | Open Positions: ['BTCUSD', 'DOGEUSD']
2026-07-20 14:29:01,886 - robTrader.Scheduler - INFO - Analyzing MMM...
2026-07-20 14:29:06,446 - robTrader.Scheduler - INFO - Strategy recommendation for MMM: HOLD (Score: 0.11) | Price: 159.84
2026-07-20 14:29:06,554 - robTrader.Scheduler - INFO - Holding current position for MMM.
2026-07-20 14:29:06,554 - robTrader.Scheduler - INFO - Analyzing AOS...
2026-07-20 14:29:06,807 - robTrader.Scheduler - INFO - Strategy recommendation for AOS: HOLD (Score: 0.07) | Price: 58.85
2026-07-20 14:29:06,914 - robTrader.Scheduler - INFO - Holding current position for AOS.
2026-07-20 14:29:06,914 - robTrader.Scheduler - INFO - Analyzing ABT...
2026-07-20 14:29:07,163 - robTrader.Scheduler - INFO - Strategy recommendation for ABT: BUY (Score: 0.19) | Price: 100.68
2026-07-20 14:29:07,329 - robTrader.Scheduler - INFO - Skipping BUY order for ABT: Already has 1 pending order(s) active in broker.
2026-07-20 14:29:07,330 - robTrader.Scheduler - INFO - Analyzing ABBV...
2026-07-20 14:29:07,598 - robTrader.Scheduler - INFO - Strategy recommendation for ABBV: HOLD (Score: 0.09) | Price: 254.49
2026-07-20 14:29:07,712 - robTrader.Scheduler - INFO - Holding current position for ABBV.
2026-07-20 14:29:07,713 - robTrader.Scheduler - INFO - Analyzing ACN...
2026-07-20 14:29:07,951 - robTrader.Scheduler - INFO - Strategy recommendation for ACN: HOLD (Score: 0.04) | Price: 143.57
2026-07-20 14:29:08,058 - robTrader.Scheduler - INFO - Holding current position for ACN.
2026-07-20 14:29:08,059 - robTrader.Scheduler - INFO - Analyzing ADBE...
2026-07-20 14:29:08,316 - robTrader.Scheduler - INFO - Strategy recommendation for ADBE: HOLD (Score: 0.0) | Price: 237.25
2026-07-20 14:29:08,429 - robTrader.Scheduler - INFO - Holding current position for ADBE.
2026-07-20 14:29:08,429 - robTrader.Scheduler - INFO - Analyzing AMD...
2026-07-20 14:29:08,686 - robTrader.Scheduler - INFO - Strategy recommendation for AMD: HOLD (Score: 0.11) | Price: 495.76
2026-07-20 14:29:08,798 - robTrader.Scheduler - INFO - Holding current position for AMD.
2026-07-20 14:29:08,798 - robTrader.Scheduler - INFO - Analyzing AES...
2026-07-20 14:29:09,042 - robTrader.Scheduler - INFO - Strategy recommendation for AES: HOLD (Score: 0.11) | Price: 14.77
2026-07-20 14:29:09,154 - robTrader.Scheduler - INFO - Holding current position for AES.
2026-07-20 14:29:09,155 - robTrader.Scheduler - INFO - Analyzing AFL...
2026-07-20 14:29:09,398 - robTrader.Scheduler - INFO - Strategy recommendation for AFL: HOLD (Score: 0.0) | Price: 124.72
2026-07-20 14:29:09,504 - robTrader.Scheduler - INFO - Holding current position for AFL.
2026-07-20 14:29:09,504 - robTrader.Scheduler - INFO - Analyzing A...
2026-07-20 14:29:09,743 - robTrader.Scheduler - INFO - Strategy recommendation for A: HOLD (Score: 0.11) | Price: 131.46
2026-07-20 14:29:09,854 - robTrader.Scheduler - INFO - Holding current position for A.
2026-07-20 14:29:09,855 - robTrader.Scheduler - INFO - Analyzing APD...
2026-07-20 14:29:10,093 - robTrader.Scheduler - INFO - Strategy recommendation for APD: HOLD (Score: 0.07) | Price: 295.62
2026-07-20 14:29:10,203 - robTrader.Scheduler - INFO - Holding current position for APD.
2026-07-20 14:29:10,203 - robTrader.Scheduler - INFO - Analyzing ABNB...
2026-07-20 14:29:10,500 - robTrader.Scheduler - INFO - Strategy recommendation for ABNB: HOLD (Score: 0.07) | Price: 145.98
2026-07-20 14:29:10,610 - robTrader.Scheduler - INFO - Holding current position for ABNB.
2026-07-20 14:29:10,610 - robTrader.Scheduler - INFO - Analyzing AKAM...
2026-07-20 14:29:10,841 - robTrader.Scheduler - INFO - Strategy recommendation for AKAM: HOLD (Score: 0.0) | Price: 120.19
2026-07-20 14:29:10,946 - robTrader.Scheduler - INFO - Holding current position for AKAM.
2026-07-20 14:29:10,946 - robTrader.Scheduler - INFO - Analyzing ALB...
2026-07-20 14:29:11,167 - robTrader.Scheduler - INFO - Strategy recommendation for ALB: BUY (Score: 0.19) | Price: 120.78
2026-07-20 14:29:11,273 - robTrader.Scheduler - INFO - Skipping BUY order for ALB: Already has 1 pending order(s) active in broker.
2026-07-20 14:29:11,273 - robTrader.Scheduler - INFO - Analyzing ARE...
2026-07-20 14:29:11,515 - robTrader.Scheduler - INFO - Strategy recommendation for ARE: HOLD (Score: 0.11) | Price: 50.22
2026-07-20 14:29:11,696 - robTrader.Scheduler - INFO - Holding current position for ARE.
2026-07-20 14:29:11,696 - robTrader.Scheduler - INFO - Analyzing ALGN...
2026-07-20 14:29:11,937 - robTrader.Scheduler - INFO - Strategy recommendation for ALGN: HOLD (Score: 0.0) | Price: 176.76
2026-07-20 14:29:12,049 - robTrader.Scheduler - INFO - Holding current position for ALGN.
2026-07-20 14:29:12,050 - robTrader.Scheduler - INFO - Analyzing ALLE...
2026-07-20 14:29:12,309 - robTrader.Scheduler - INFO - Strategy recommendation for ALLE: HOLD (Score: 0.04) | Price: 137.24
2026-07-20 14:29:12,417 - robTrader.Scheduler - INFO - Holding current position for ALLE.
2026-07-20 14:29:12,417 - robTrader.Scheduler - INFO - Analyzing LNT...
2026-07-20 14:29:12,660 - robTrader.Scheduler - INFO - Strategy recommendation for LNT: HOLD (Score: 0.11) | Price: 74.82
2026-07-20 14:29:12,770 - robTrader.Scheduler - INFO - Holding current position for LNT.
2026-07-20 14:29:12,770 - robTrader.Scheduler - INFO - Analyzing ALL...
2026-07-20 14:29:13,011 - robTrader.Scheduler - INFO - Strategy recommendation for ALL: HOLD (Score: 0.11) | Price: 249.90
2026-07-20 14:29:13,119 - robTrader.Scheduler - INFO - Holding current position for ALL.
2026-07-20 14:29:13,119 - robTrader.Scheduler - INFO - Analyzing GOOGL...
2026-07-20 14:29:13,354 - robTrader.Scheduler - INFO - Strategy recommendation for GOOGL: HOLD (Score: 0.04) | Price: 346.77
2026-07-20 14:29:13,468 - robTrader.Scheduler - INFO - Holding current position for GOOGL.
2026-07-20 14:29:13,468 - robTrader.Scheduler - INFO - Analyzing GOOG...
2026-07-20 14:29:13,700 - robTrader.Scheduler - INFO - Strategy recommendation for GOOG: HOLD (Score: -0.04) | Price: 346.12
2026-07-20 14:29:13,807 - robTrader.Scheduler - INFO - Holding current position for GOOG.
2026-07-20 14:29:13,807 - robTrader.Scheduler - INFO - Analyzing MO...
2026-07-20 14:29:14,042 - robTrader.Scheduler - INFO - Strategy recommendation for MO: HOLD (Score: 0.11) | Price: 74.21
2026-07-20 14:29:14,148 - robTrader.Scheduler - INFO - Holding current position for MO.
2026-07-20 14:29:14,148 - robTrader.Scheduler - INFO - Analyzing AMZN...
2026-07-20 14:29:14,399 - robTrader.Scheduler - INFO - Strategy recommendation for AMZN: HOLD (Score: 0.04) | Price: 247.23
2026-07-20 14:29:14,513 - robTrader.Scheduler - INFO - Holding current position for AMZN.
2026-07-20 14:29:14,515 - robTrader.Scheduler - INFO - Analyzing AMCR...
2026-07-20 14:29:14,742 - robTrader.Scheduler - INFO - Strategy recommendation for AMCR: HOLD (Score: 0.07) | Price: 43.94
2026-07-20 14:29:14,849 - robTrader.Scheduler - INFO - Holding current position for AMCR.
2026-07-20 14:29:14,849 - robTrader.Scheduler - INFO - Analyzing AEE...
2026-07-20 14:29:15,073 - robTrader.Scheduler - INFO - Strategy recommendation for AEE: HOLD (Score: 0.11) | Price: 111.55
2026-07-20 14:29:15,181 - robTrader.Scheduler - INFO - Holding current position for AEE.
2026-07-20 14:29:15,181 - robTrader.Scheduler - INFO - Analyzing AEP...
2026-07-20 14:29:15,416 - robTrader.Scheduler - INFO - Strategy recommendation for AEP: HOLD (Score: 0.11) | Price: 132.14
2026-07-20 14:29:15,523 - robTrader.Scheduler - INFO - Holding current position for AEP.
2026-07-20 14:29:15,523 - robTrader.Scheduler - INFO - Analyzing AXP...
2026-07-20 14:29:15,746 - robTrader.Scheduler - INFO - Strategy recommendation for AXP: HOLD (Score: 0.07) | Price: 355.35
2026-07-20 14:29:15,927 - robTrader.Scheduler - INFO - Holding current position for AXP.
2026-07-20 14:29:15,928 - robTrader.Scheduler - INFO - Analyzing AIG...
2026-07-20 14:29:16,167 - robTrader.Scheduler - INFO - Strategy recommendation for AIG: BUY (Score: 0.15) | Price: 80.50
2026-07-20 14:29:16,273 - robTrader.Scheduler - INFO - Skipping BUY order for AIG: Already has 1 pending order(s) active in broker.
2026-07-20 14:29:16,273 - robTrader.Scheduler - INFO - Analyzing AMT...
2026-07-20 14:29:16,506 - robTrader.Scheduler - INFO - Strategy recommendation for AMT: HOLD (Score: 0.11) | Price: 170.06
2026-07-20 14:29:16,613 - robTrader.Scheduler - INFO - Holding current position for AMT.
2026-07-20 14:29:16,613 - robTrader.Scheduler - INFO - Analyzing AWK...
2026-07-20 14:29:16,875 - robTrader.Scheduler - INFO - Strategy recommendation for AWK: HOLD (Score: 0.04) | Price: 135.11
2026-07-20 14:29:16,981 - robTrader.Scheduler - INFO - Holding current position for AWK.
2026-07-20 14:29:16,981 - robTrader.Scheduler - INFO - Analyzing AMP...
2026-07-20 14:29:17,222 - robTrader.Scheduler - INFO - Strategy recommendation for AMP: HOLD (Score: 0.04) | Price: 527.87
2026-07-20 14:29:17,333 - robTrader.Scheduler - INFO - Holding current position for AMP.
2026-07-20 14:29:17,334 - robTrader.Scheduler - INFO - Analyzing AME...
2026-07-20 14:29:17,558 - robTrader.Scheduler - INFO - Strategy recommendation for AME: HOLD (Score: 0.07) | Price: 237.00
2026-07-20 14:29:17,663 - robTrader.Scheduler - INFO - Holding current position for AME.
2026-07-20 14:29:17,663 - robTrader.Scheduler - INFO - Analyzing AMGN...
2026-07-20 14:29:17,888 - robTrader.Scheduler - INFO - Strategy recommendation for AMGN: HOLD (Score: 0.04) | Price: 366.29
2026-07-20 14:29:17,999 - robTrader.Scheduler - INFO - Holding current position for AMGN.
2026-07-20 14:29:17,999 - robTrader.Scheduler - INFO - Analyzing APH...
2026-07-20 14:29:18,262 - robTrader.Scheduler - INFO - Strategy recommendation for APH: BUY (Score: 0.15) | Price: 151.20
2026-07-20 14:29:18,375 - robTrader.Scheduler - INFO - Skipping BUY order for APH: Already has 1 pending order(s) active in broker.
2026-07-20 14:29:18,375 - robTrader.Scheduler - INFO - Analyzing ADI...
2026-07-20 14:29:18,604 - robTrader.Scheduler - INFO - Strategy recommendation for ADI: HOLD (Score: 0.04) | Price: 375.36
2026-07-20 14:29:18,713 - robTrader.Scheduler - INFO - Holding current position for ADI.
2026-07-20 14:29:18,713 - robTrader.Scheduler - INFO - Analyzing AON...
2026-07-20 14:29:18,937 - robTrader.Scheduler - INFO - Strategy recommendation for AON: HOLD (Score: 0.11) | Price: 367.21
2026-07-20 14:29:19,042 - robTrader.Scheduler - INFO - Holding current position for AON.
2026-07-20 14:29:19,042 - robTrader.Scheduler - INFO - Analyzing APA...
2026-07-20 14:29:19,269 - robTrader.Scheduler - INFO - Strategy recommendation for APA: HOLD (Score: 0.11) | Price: 35.22
2026-07-20 14:29:19,379 - robTrader.Scheduler - INFO - Holding current position for APA.
2026-07-20 14:29:19,379 - robTrader.Scheduler - INFO - Analyzing APO...
2026-07-20 14:29:19,620 - robTrader.Scheduler - INFO - Strategy recommendation for APO: BUY (Score: 0.15) | Price: 120.47
2026-07-20 14:29:19,733 - robTrader.Scheduler - INFO - Skipping BUY order for APO: Already has 1 pending order(s) active in broker.
2026-07-20 14:29:19,733 - robTrader.Scheduler - INFO - Analyzing AAPL...
2026-07-20 14:29:19,965 - robTrader.Scheduler - INFO - Strategy recommendation for AAPL: HOLD (Score: 0.11) | Price: 333.74
2026-07-20 14:29:20,072 - robTrader.Scheduler - INFO - Holding current position for AAPL.
2026-07-20 14:29:20,072 - robTrader.Scheduler - INFO - Analyzing AMAT...
2026-07-20 14:29:20,313 - robTrader.Scheduler - INFO - Strategy recommendation for AMAT: HOLD (Score: 0.07) | Price: 529.66
2026-07-20 14:29:20,419 - robTrader.Scheduler - INFO - Holding current position for AMAT.
2026-07-20 14:29:20,419 - robTrader.Scheduler - INFO - Analyzing APP...
2026-07-20 14:29:20,643 - robTrader.Scheduler - INFO - Strategy recommendation for APP: HOLD (Score: 0.04) | Price: 424.54
2026-07-20 14:29:20,761 - robTrader.Scheduler - INFO - Holding current position for APP.
2026-07-20 14:29:20,761 - robTrader.Scheduler - INFO - Analyzing APTV...
2026-07-20 14:29:20,987 - robTrader.Scheduler - INFO - Strategy recommendation for APTV: HOLD (Score: 0.11) | Price: 57.47
2026-07-20 14:29:21,094 - robTrader.Scheduler - INFO - Holding current position for APTV.
2026-07-20 14:29:21,094 - robTrader.Scheduler - INFO - Analyzing ACGL...
2026-07-20 14:29:21,324 - robTrader.Scheduler - INFO - Strategy recommendation for ACGL: HOLD (Score: 0.04) | Price: 101.35
2026-07-20 14:29:21,433 - robTrader.Scheduler - INFO - Holding current position for ACGL.
2026-07-20 14:29:21,433 - robTrader.Scheduler - INFO - Analyzing ADM...
2026-07-20 14:29:21,681 - robTrader.Scheduler - INFO - Strategy recommendation for ADM: HOLD (Score: 0.07) | Price: 85.90
2026-07-20 14:29:21,786 - robTrader.Scheduler - INFO - Holding current position for ADM.
2026-07-20 14:29:21,786 - robTrader.Scheduler - INFO - Analyzing ARES...
2026-07-20 14:29:22,013 - robTrader.Scheduler - INFO - Strategy recommendation for ARES: BUY (Score: 0.15) | Price: 125.68
2026-07-20 14:29:22,120 - robTrader.Scheduler - INFO - Skipping BUY order for ARES: Already has 1 pending order(s) active in broker.
2026-07-20 14:29:22,120 - robTrader.Scheduler - INFO - Analyzing ANET...
2026-07-20 14:29:22,365 - robTrader.Scheduler - INFO - Strategy recommendation for ANET: HOLD (Score: 0.07) | Price: 168.61
2026-07-20 14:29:22,472 - robTrader.Scheduler - INFO - Holding current position for ANET.
2026-07-20 14:29:22,472 - robTrader.Scheduler - INFO - Analyzing AJG...
2026-07-20 14:29:22,703 - robTrader.Scheduler - INFO - Strategy recommendation for AJG: BUY (Score: 0.15) | Price: 253.90
2026-07-20 14:29:22,811 - robTrader.Scheduler - INFO - Skipping BUY order for AJG: Already has 1 pending order(s) active in broker.
2026-07-20 14:29:22,812 - robTrader.Scheduler - INFO - Analyzing AIZ...
2026-07-20 14:29:23,032 - robTrader.Scheduler - INFO - Strategy recommendation for AIZ: HOLD (Score: 0.11) | Price: 276.84
2026-07-20 14:29:23,142 - robTrader.Scheduler - INFO - Holding current position for AIZ.
2026-07-20 14:29:23,142 - robTrader.Scheduler - INFO - Analyzing T...
2026-07-20 14:29:23,380 - robTrader.Scheduler - INFO - Strategy recommendation for T: HOLD (Score: 0.04) | Price: 21.81
2026-07-20 14:29:23,489 - robTrader.Scheduler - INFO - Holding current position for T.
2026-07-20 14:29:23,489 - robTrader.Scheduler - INFO - Analyzing ATO...
2026-07-20 14:29:23,714 - robTrader.Scheduler - INFO - Strategy recommendation for ATO: HOLD (Score: 0.0) | Price: 177.68
2026-07-20 14:29:23,820 - robTrader.Scheduler - INFO - Holding current position for ATO.
2026-07-20 14:29:23,820 - robTrader.Scheduler - INFO - Analyzing BTCUSD...
2026-07-20 14:29:24,671 - robTrader.Scheduler - INFO - Strategy recommendation for BTCUSD: BUY (Score: 0.2) | Price: 64671.40
2026-07-20 14:29:24,780 - robTrader.Scheduler - INFO - Position size for BTCUSD already at or above maximum target size.
2026-07-20 14:29:24,781 - robTrader.Scheduler - INFO - Analyzing ETHUSD...
2026-07-20 14:29:25,022 - robTrader.Scheduler - INFO - Strategy recommendation for ETHUSD: HOLD (Score: 0.14) | Price: 1877.10
2026-07-20 14:29:25,128 - robTrader.Scheduler - INFO - Holding current position for ETHUSD.
2026-07-20 14:29:25,128 - robTrader.Scheduler - INFO - Analyzing SOLUSD...
2026-07-20 14:29:25,417 - robTrader.Scheduler - INFO - Strategy recommendation for SOLUSD: HOLD (Score: 0.12) | Price: 76.78
2026-07-20 14:29:25,527 - robTrader.Scheduler - INFO - Holding current position for SOLUSD.
2026-07-20 14:29:25,527 - robTrader.Scheduler - INFO - Analyzing LTCUSD...
2026-07-20 14:29:25,787 - robTrader.Scheduler - INFO - Strategy recommendation for LTCUSD: HOLD (Score: 0.06) | Price: 47.27
2026-07-20 14:29:25,898 - robTrader.Scheduler - INFO - Holding current position for LTCUSD.
2026-07-20 14:29:25,899 - robTrader.Scheduler - INFO - Analyzing DOGEUSD...
2026-07-20 14:29:26,196 - robTrader.Scheduler - INFO - Strategy recommendation for DOGEUSD: BUY (Score: 0.16) | Price: 0.07
2026-07-20 14:29:26,323 - robTrader.Scheduler - INFO - Position size for DOGEUSD already at or above maximum target size.
2026-07-20 14:29:26,323 - robTrader.Scheduler - INFO - Analyzing ADAUSD...
2026-07-20 14:29:26,552 - robTrader.Scheduler - INFO - Strategy recommendation for ADAUSD: HOLD (Score: -0.01) | Price: 0.16
2026-07-20 14:29:26,658 - robTrader.Scheduler - INFO - Holding current position for ADAUSD.
2026-07-20 14:29:26,658 - robTrader.Scheduler - INFO - Analyzing LINKUSD...
2026-07-20 14:29:26,892 - robTrader.Scheduler - INFO - Strategy recommendation for LINKUSD: HOLD (Score: -0.01) | Price: 8.46
2026-07-20 14:29:27,001 - robTrader.Scheduler - INFO - Holding current position for LINKUSD.
2026-07-20 14:29:27,012 - robTrader.Scheduler - INFO - Saved analysis metrics for 57 symbols to C:\Users\EM2025007512\.gemini\antigravity\scratch\robTrader\data_logs\analysis_state_alpaca_d86ffaae.json
2026-07-20 14:29:27,034 - robTrader.Scheduler - INFO - Spanish Tax Report generated successfully at: data_logs\spanish_tax_report_alpaca_d86ffaae.csv
2026-07-20 14:29:27,035 - robTrader.Scheduler - INFO - Net gains/losses: 0.0 EUR
2026-07-20 14:29:27,035 - robTrader.Scheduler - INFO - ------ Trading Cycle Finished ------
2026-07-20 14:29:28,355 - robTrader.Scheduler - INFO - Refreshed portfolio: Cash = 849564.31 | Total Value = 1000298.10
2026-07-20 14:29:38,800 - robTrader.Scheduler - INFO - Refreshed portfolio: Cash = 849564.31 | Total Value = 1000298.10
2026-07-20 14:29:49,242 - robTrader.Scheduler - INFO - Refreshed portfolio: Cash = 849564.31 | Total Value = 1000298.10
2026-07-20 14:29:59,671 - robTrader.Scheduler - INFO - Refreshed portfolio: Cash = 849564.31 | Total Value = 1000298.10
2026-07-20 14:30:10,111 - robTrader.Scheduler - INFO - Refreshed portfolio: Cash = 849564.31 | Total Value = 1000298.10
2026-07-20 14:30:20,567 - robTrader.Scheduler - INFO - Refreshed portfolio: Cash = 849564.31 | Total Value = 1000298.10
2026-07-20 14:30:31,020 - robTrader.Scheduler - INFO - Refreshed portfolio: Cash = 849564.31 | Total Value = 1000298.10
2026-07-20 14:30:41,452 - robTrader.Scheduler - INFO - Refreshed portfolio: Cash = 849564.31 | Total Value = 1000298.10
2026-07-20 14:30:51,892 - robTrader.Scheduler - INFO - Refreshed portfolio: Cash = 849564.31 | Total Value = 1000298.10
2026-07-20 14:31:01,016 - robTrader.Scheduler - INFO - ------ Starting Trading Cycle ------
2026-07-20 14:31:01,016 - robTrader.Scheduler - INFO - Signal Thresholds: BUY >= 0.15 | SELL <= -0.1
2026-07-20 14:31:01,759 - robTrader.Scheduler - INFO - Dynamically scanned market. Target symbols for this cycle: ['MMM', 'AOS', 'ABT', 'ABBV', 'ACN', 'ADBE', 'AMD', 'AES', 'AFL', 'A', 'APD', 'ABNB', 'AKAM', 'ALB', 'ARE', 'ALGN', 'ALLE', 'LNT', 'ALL', 'GOOGL', 'GOOG', 'MO', 'AMZN', 'AMCR', 'AEE', 'AEP', 'AXP', 'AIG', 'AMT', 'AWK', 'AMP', 'AME', 'AMGN', 'APH', 'ADI', 'AON', 'APA', 'APO', 'AAPL', 'AMAT', 'APP', 'APTV', 'ACGL', 'ADM', 'ARES', 'ANET', 'AJG', 'AIZ', 'T', 'ATO', 'BTCUSD', 'ETHUSD', 'SOLUSD', 'LTCUSD', 'DOGEUSD', 'ADAUSD', 'LINKUSD']
2026-07-20 14:31:02,185 - robTrader.Scheduler - INFO - Broker Cash: 849564.31 | Reserved in Pending Buys: 450220.83 | Estimated Available Cash: 399343.48
2026-07-20 14:31:02,185 - robTrader.Scheduler - INFO - Portfolio Value: 1000298.10 | Cash: 399343.48 | Open Positions: ['BTCUSD', 'DOGEUSD']
2026-07-20 14:31:02,185 - robTrader.Scheduler - INFO - Analyzing MMM...
2026-07-20 14:31:06,915 - robTrader.Scheduler - INFO - Strategy recommendation for MMM: HOLD (Score: 0.11) | Price: 159.84
2026-07-20 14:31:07,022 - robTrader.Scheduler - INFO - Holding current position for MMM.
2026-07-20 14:31:07,022 - robTrader.Scheduler - INFO - Analyzing AOS...
2026-07-20 14:31:07,268 - robTrader.Scheduler - INFO - Strategy recommendation for AOS: HOLD (Score: 0.07) | Price: 58.85
2026-07-20 14:31:07,379 - robTrader.Scheduler - INFO - Holding current position for AOS.
2026-07-20 14:31:07,379 - robTrader.Scheduler - INFO - Analyzing ABT...
2026-07-20 14:31:07,612 - robTrader.Scheduler - INFO - Strategy recommendation for ABT: BUY (Score: 0.19) | Price: 100.68
2026-07-20 14:31:07,719 - robTrader.Scheduler - INFO - Skipping BUY order for ABT: Already has 1 pending order(s) active in broker.
2026-07-20 14:31:07,720 - robTrader.Scheduler - INFO - Analyzing ABBV...
2026-07-20 14:31:07,961 - robTrader.Scheduler - INFO - Strategy recommendation for ABBV: HOLD (Score: 0.09) | Price: 254.49
2026-07-20 14:31:08,069 - robTrader.Scheduler - INFO - Holding current position for ABBV.
2026-07-20 14:31:08,069 - robTrader.Scheduler - INFO - Analyzing ACN...
2026-07-20 14:31:08,310 - robTrader.Scheduler - INFO - Strategy recommendation for ACN: HOLD (Score: 0.04) | Price: 143.57
2026-07-20 14:31:08,425 - robTrader.Scheduler - INFO - Holding current position for ACN.
2026-07-20 14:31:08,425 - robTrader.Scheduler - INFO - Analyzing ADBE...
2026-07-20 14:31:08,673 - robTrader.Scheduler - INFO - Strategy recommendation for ADBE: HOLD (Score: 0.0) | Price: 237.25
2026-07-20 14:31:08,781 - robTrader.Scheduler - INFO - Holding current position for ADBE.
2026-07-20 14:31:08,781 - robTrader.Scheduler - INFO - Analyzing AMD...
2026-07-20 14:31:09,041 - robTrader.Scheduler - INFO - Strategy recommendation for AMD: HOLD (Score: 0.11) | Price: 495.76
2026-07-20 14:31:09,157 - robTrader.Scheduler - INFO - Holding current position for AMD.
2026-07-20 14:31:09,157 - robTrader.Scheduler - INFO - Analyzing AES...
2026-07-20 14:31:09,421 - robTrader.Scheduler - INFO - Strategy recommendation for AES: HOLD (Score: 0.11) | Price: 14.77
2026-07-20 14:31:09,528 - robTrader.Scheduler - INFO - Holding current position for AES.
2026-07-20 14:31:09,528 - robTrader.Scheduler - INFO - Analyzing AFL...
2026-07-20 14:31:09,778 - robTrader.Scheduler - INFO - Strategy recommendation for AFL: HOLD (Score: 0.0) | Price: 124.72
2026-07-20 14:31:09,886 - robTrader.Scheduler - INFO - Holding current position for AFL.
2026-07-20 14:31:09,886 - robTrader.Scheduler - INFO - Analyzing A...
2026-07-20 14:31:10,141 - robTrader.Scheduler - INFO - Strategy recommendation for A: HOLD (Score: 0.11) | Price: 131.46
2026-07-20 14:31:10,247 - robTrader.Scheduler - INFO - Holding current position for A.
2026-07-20 14:31:10,247 - robTrader.Scheduler - INFO - Analyzing APD...
2026-07-20 14:31:10,515 - robTrader.Scheduler - INFO - Strategy recommendation for APD: HOLD (Score: 0.07) | Price: 295.62
2026-07-20 14:31:10,624 - robTrader.Scheduler - INFO - Holding current position for APD.
2026-07-20 14:31:10,624 - robTrader.Scheduler - INFO - Analyzing ABNB...
2026-07-20 14:31:10,895 - robTrader.Scheduler - INFO - Strategy recommendation for ABNB: HOLD (Score: 0.07) | Price: 145.98
2026-07-20 14:31:11,005 - robTrader.Scheduler - INFO - Holding current position for ABNB.
2026-07-20 14:31:11,006 - robTrader.Scheduler - INFO - Analyzing AKAM...
2026-07-20 14:31:11,268 - robTrader.Scheduler - INFO - Strategy recommendation for AKAM: HOLD (Score: 0.0) | Price: 120.19
2026-07-20 14:31:11,381 - robTrader.Scheduler - INFO - Holding current position for AKAM.
2026-07-20 14:31:11,381 - robTrader.Scheduler - INFO - Analyzing ALB...
2026-07-20 14:31:11,617 - robTrader.Scheduler - INFO - Strategy recommendation for ALB: BUY (Score: 0.19) | Price: 120.78
2026-07-20 14:31:11,756 - robTrader.Scheduler - INFO - Skipping BUY order for ALB: Already has 1 pending order(s) active in broker.
2026-07-20 14:31:11,756 - robTrader.Scheduler - INFO - Analyzing ARE...
2026-07-20 14:31:12,006 - robTrader.Scheduler - INFO - Strategy recommendation for ARE: HOLD (Score: 0.11) | Price: 50.22
2026-07-20 14:31:12,115 - robTrader.Scheduler - INFO - Holding current position for ARE.
2026-07-20 14:31:12,116 - robTrader.Scheduler - INFO - Analyzing ALGN...
2026-07-20 14:31:12,357 - robTrader.Scheduler - INFO - Strategy recommendation for ALGN: HOLD (Score: 0.0) | Price: 176.76
2026-07-20 14:31:12,463 - robTrader.Scheduler - INFO - Holding current position for ALGN.
2026-07-20 14:31:12,463 - robTrader.Scheduler - INFO - Analyzing ALLE...
2026-07-20 14:31:12,720 - robTrader.Scheduler - INFO - Strategy recommendation for ALLE: HOLD (Score: 0.04) | Price: 137.24
2026-07-20 14:31:12,830 - robTrader.Scheduler - INFO - Holding current position for ALLE.
2026-07-20 14:31:12,830 - robTrader.Scheduler - INFO - Analyzing LNT...
2026-07-20 14:31:13,090 - robTrader.Scheduler - INFO - Strategy recommendation for LNT: HOLD (Score: 0.11) | Price: 74.82
2026-07-20 14:31:13,196 - robTrader.Scheduler - INFO - Holding current position for LNT.
2026-07-20 14:31:13,196 - robTrader.Scheduler - INFO - Analyzing ALL...
2026-07-20 14:31:13,435 - robTrader.Scheduler - INFO - Strategy recommendation for ALL: HOLD (Score: 0.11) | Price: 249.90
2026-07-20 14:31:13,539 - robTrader.Scheduler - INFO - Holding current position for ALL.
2026-07-20 14:31:13,539 - robTrader.Scheduler - INFO - Analyzing GOOGL...
2026-07-20 14:31:13,773 - robTrader.Scheduler - INFO - Strategy recommendation for GOOGL: HOLD (Score: 0.04) | Price: 346.77
2026-07-20 14:31:13,881 - robTrader.Scheduler - INFO - Holding current position for GOOGL.
2026-07-20 14:31:13,881 - robTrader.Scheduler - INFO - Analyzing GOOG...
2026-07-20 14:31:14,125 - robTrader.Scheduler - INFO - Strategy recommendation for GOOG: HOLD (Score: -0.04) | Price: 346.12
2026-07-20 14:31:14,231 - robTrader.Scheduler - INFO - Holding current position for GOOG.
2026-07-20 14:31:14,231 - robTrader.Scheduler - INFO - Analyzing MO...
2026-07-20 14:31:14,455 - robTrader.Scheduler - INFO - Strategy recommendation for MO: HOLD (Score: 0.11) | Price: 74.21
2026-07-20 14:31:14,567 - robTrader.Scheduler - INFO - Holding current position for MO.
2026-07-20 14:31:14,567 - robTrader.Scheduler - INFO - Analyzing AMZN...
2026-07-20 14:31:14,884 - robTrader.Scheduler - INFO - Strategy recommendation for AMZN: HOLD (Score: 0.04) | Price: 247.23
2026-07-20 14:31:14,990 - robTrader.Scheduler - INFO - Holding current position for AMZN.
2026-07-20 14:31:14,990 - robTrader.Scheduler - INFO - Analyzing AMCR...
2026-07-20 14:31:15,231 - robTrader.Scheduler - INFO - Strategy recommendation for AMCR: HOLD (Score: 0.07) | Price: 43.94
2026-07-20 14:31:15,421 - robTrader.Scheduler - INFO - Holding current position for AMCR.
2026-07-20 14:31:15,421 - robTrader.Scheduler - INFO - Analyzing AEE...
2026-07-20 14:31:15,651 - robTrader.Scheduler - INFO - Strategy recommendation for AEE: HOLD (Score: 0.11) | Price: 111.55
2026-07-20 14:31:15,754 - robTrader.Scheduler - INFO - Holding current position for AEE.
2026-07-20 14:31:15,754 - robTrader.Scheduler - INFO - Analyzing AEP...
2026-07-20 14:31:16,027 - robTrader.Scheduler - INFO - Strategy recommendation for AEP: HOLD (Score: 0.11) | Price: 132.14
2026-07-20 14:31:16,135 - robTrader.Scheduler - INFO - Holding current position for AEP.
2026-07-20 14:31:16,135 - robTrader.Scheduler - INFO - Analyzing AXP...
2026-07-20 14:31:16,390 - robTrader.Scheduler - INFO - Strategy recommendation for AXP: HOLD (Score: 0.07) | Price: 355.35
2026-07-20 14:31:16,498 - robTrader.Scheduler - INFO - Holding current position for AXP.
2026-07-20 14:31:16,498 - robTrader.Scheduler - INFO - Analyzing AIG...
2026-07-20 14:31:16,720 - robTrader.Scheduler - INFO - Strategy recommendation for AIG: BUY (Score: 0.15) | Price: 80.50
2026-07-20 14:31:16,825 - robTrader.Scheduler - INFO - Skipping BUY order for AIG: Already has 1 pending order(s) active in broker.
2026-07-20 14:31:16,825 - robTrader.Scheduler - INFO - Analyzing AMT...
2026-07-20 14:31:17,056 - robTrader.Scheduler - INFO - Strategy recommendation for AMT: HOLD (Score: 0.11) | Price: 170.06
2026-07-20 14:31:17,163 - robTrader.Scheduler - INFO - Holding current position for AMT.
2026-07-20 14:31:17,164 - robTrader.Scheduler - INFO - Analyzing AWK...
2026-07-20 14:31:17,391 - robTrader.Scheduler - INFO - Strategy recommendation for AWK: HOLD (Score: 0.04) | Price: 135.11
2026-07-20 14:31:17,499 - robTrader.Scheduler - INFO - Holding current position for AWK.
2026-07-20 14:31:17,499 - robTrader.Scheduler - INFO - Analyzing AMP...
2026-07-20 14:31:17,728 - robTrader.Scheduler - INFO - Strategy recommendation for AMP: HOLD (Score: 0.04) | Price: 527.87
2026-07-20 14:31:17,836 - robTrader.Scheduler - INFO - Holding current position for AMP.
2026-07-20 14:31:17,836 - robTrader.Scheduler - INFO - Analyzing AME...
2026-07-20 14:31:18,077 - robTrader.Scheduler - INFO - Strategy recommendation for AME: HOLD (Score: 0.07) | Price: 237.00
2026-07-20 14:31:18,188 - robTrader.Scheduler - INFO - Holding current position for AME.
2026-07-20 14:31:18,188 - robTrader.Scheduler - INFO - Analyzing AMGN...
2026-07-20 14:31:18,466 - robTrader.Scheduler - INFO - Strategy recommendation for AMGN: HOLD (Score: 0.04) | Price: 366.29
2026-07-20 14:31:18,578 - robTrader.Scheduler - INFO - Holding current position for AMGN.
2026-07-20 14:31:18,578 - robTrader.Scheduler - INFO - Analyzing APH...
2026-07-20 14:31:18,836 - robTrader.Scheduler - INFO - Strategy recommendation for APH: BUY (Score: 0.15) | Price: 151.20
2026-07-20 14:31:18,948 - robTrader.Scheduler - INFO - Skipping BUY order for APH: Already has 1 pending order(s) active in broker.
2026-07-20 14:31:18,948 - robTrader.Scheduler - INFO - Analyzing ADI...
2026-07-20 14:31:19,197 - robTrader.Scheduler - INFO - Strategy recommendation for ADI: HOLD (Score: 0.04) | Price: 375.36
2026-07-20 14:31:19,311 - robTrader.Scheduler - INFO - Holding current position for ADI.
2026-07-20 14:31:19,311 - robTrader.Scheduler - INFO - Analyzing AON...
2026-07-20 14:31:19,592 - robTrader.Scheduler - INFO - Strategy recommendation for AON: HOLD (Score: 0.11) | Price: 367.21
2026-07-20 14:31:19,701 - robTrader.Scheduler - INFO - Holding current position for AON.
2026-07-20 14:31:19,702 - robTrader.Scheduler - INFO - Analyzing APA...
2026-07-20 14:31:20,005 - robTrader.Scheduler - INFO - Strategy recommendation for APA: HOLD (Score: 0.11) | Price: 35.22
2026-07-20 14:31:20,116 - robTrader.Scheduler - INFO - Holding current position for APA.
2026-07-20 14:31:20,116 - robTrader.Scheduler - INFO - Analyzing APO...
2026-07-20 14:31:20,351 - robTrader.Scheduler - INFO - Strategy recommendation for APO: BUY (Score: 0.15) | Price: 120.47
2026-07-20 14:31:20,464 - robTrader.Scheduler - INFO - Skipping BUY order for APO: Already has 1 pending order(s) active in broker.
2026-07-20 14:31:20,464 - robTrader.Scheduler - INFO - Analyzing AAPL...
2026-07-20 14:31:20,723 - robTrader.Scheduler - INFO - Strategy recommendation for AAPL: HOLD (Score: 0.11) | Price: 333.74
2026-07-20 14:31:20,835 - robTrader.Scheduler - INFO - Holding current position for AAPL.
2026-07-20 14:31:20,835 - robTrader.Scheduler - INFO - Analyzing AMAT...
2026-07-20 14:31:21,080 - robTrader.Scheduler - INFO - Strategy recommendation for AMAT: HOLD (Score: 0.07) | Price: 529.66
2026-07-20 14:31:21,186 - robTrader.Scheduler - INFO - Holding current position for AMAT.
2026-07-20 14:31:21,187 - robTrader.Scheduler - INFO - Analyzing APP...
2026-07-20 14:31:21,432 - robTrader.Scheduler - INFO - Strategy recommendation for APP: HOLD (Score: 0.04) | Price: 424.54
2026-07-20 14:31:21,538 - robTrader.Scheduler - INFO - Holding current position for APP.
2026-07-20 14:31:21,538 - robTrader.Scheduler - INFO - Analyzing APTV...
2026-07-20 14:31:21,759 - robTrader.Scheduler - INFO - Strategy recommendation for APTV: HOLD (Score: 0.11) | Price: 57.47
2026-07-20 14:31:21,868 - robTrader.Scheduler - INFO - Holding current position for APTV.
2026-07-20 14:31:21,868 - robTrader.Scheduler - INFO - Analyzing ACGL...
2026-07-20 14:31:22,138 - robTrader.Scheduler - INFO - Strategy recommendation for ACGL: HOLD (Score: 0.04) | Price: 101.35
2026-07-20 14:31:22,249 - robTrader.Scheduler - INFO - Holding current position for ACGL.
2026-07-20 14:31:22,249 - robTrader.Scheduler - INFO - Analyzing ADM...
2026-07-20 14:31:22,539 - robTrader.Scheduler - INFO - Strategy recommendation for ADM: HOLD (Score: 0.07) | Price: 85.90
2026-07-20 14:31:22,648 - robTrader.Scheduler - INFO - Holding current position for ADM.
2026-07-20 14:31:22,648 - robTrader.Scheduler - INFO - Analyzing ARES...
2026-07-20 14:31:22,896 - robTrader.Scheduler - INFO - Strategy recommendation for ARES: BUY (Score: 0.15) | Price: 125.68
2026-07-20 14:31:23,012 - robTrader.Scheduler - INFO - Skipping BUY order for ARES: Already has 1 pending order(s) active in broker.
2026-07-20 14:31:23,013 - robTrader.Scheduler - INFO - Analyzing ANET...
2026-07-20 14:31:23,254 - robTrader.Scheduler - INFO - Strategy recommendation for ANET: HOLD (Score: 0.07) | Price: 168.61
2026-07-20 14:31:23,361 - robTrader.Scheduler - INFO - Holding current position for ANET.
2026-07-20 14:31:23,361 - robTrader.Scheduler - INFO - Analyzing AJG...
2026-07-20 14:31:23,590 - robTrader.Scheduler - INFO - Strategy recommendation for AJG: BUY (Score: 0.15) | Price: 253.90
2026-07-20 14:31:23,701 - robTrader.Scheduler - INFO - Skipping BUY order for AJG: Already has 1 pending order(s) active in broker.
2026-07-20 14:31:23,701 - robTrader.Scheduler - INFO - Analyzing AIZ...
2026-07-20 14:31:24,005 - robTrader.Scheduler - INFO - Strategy recommendation for AIZ: HOLD (Score: 0.11) | Price: 276.84
2026-07-20 14:31:24,111 - robTrader.Scheduler - INFO - Holding current position for AIZ.
2026-07-20 14:31:24,111 - robTrader.Scheduler - INFO - Analyzing T...
2026-07-20 14:31:24,357 - robTrader.Scheduler - INFO - Strategy recommendation for T: HOLD (Score: 0.04) | Price: 21.81
2026-07-20 14:31:24,471 - robTrader.Scheduler - INFO - Holding current position for T.
2026-07-20 14:31:24,471 - robTrader.Scheduler - INFO - Analyzing ATO...
2026-07-20 14:31:24,734 - robTrader.Scheduler - INFO - Strategy recommendation for ATO: HOLD (Score: 0.0) | Price: 177.68
2026-07-20 14:31:24,843 - robTrader.Scheduler - INFO - Holding current position for ATO.
2026-07-20 14:31:24,844 - robTrader.Scheduler - INFO - Analyzing BTCUSD...
2026-07-20 14:31:25,769 - robTrader.Scheduler - INFO - Strategy recommendation for BTCUSD: BUY (Score: 0.2) | Price: 64643.40
2026-07-20 14:31:25,875 - robTrader.Scheduler - INFO - Position size for BTCUSD already at or above maximum target size.
2026-07-20 14:31:25,875 - robTrader.Scheduler - INFO - Analyzing ETHUSD...
2026-07-20 14:31:26,097 - robTrader.Scheduler - INFO - Strategy recommendation for ETHUSD: HOLD (Score: 0.14) | Price: 1876.70
2026-07-20 14:31:26,203 - robTrader.Scheduler - INFO - Holding current position for ETHUSD.
2026-07-20 14:31:26,203 - robTrader.Scheduler - INFO - Analyzing SOLUSD...
2026-07-20 14:31:26,437 - robTrader.Scheduler - INFO - Strategy recommendation for SOLUSD: HOLD (Score: 0.12) | Price: 76.77
2026-07-20 14:31:26,545 - robTrader.Scheduler - INFO - Holding current position for SOLUSD.
2026-07-20 14:31:26,545 - robTrader.Scheduler - INFO - Analyzing LTCUSD...
2026-07-20 14:31:26,776 - robTrader.Scheduler - INFO - Strategy recommendation for LTCUSD: HOLD (Score: 0.01) | Price: 47.30
2026-07-20 14:31:26,888 - robTrader.Scheduler - INFO - Holding current position for LTCUSD.
2026-07-20 14:31:26,888 - robTrader.Scheduler - INFO - Analyzing DOGEUSD...
2026-07-20 14:31:27,141 - robTrader.Scheduler - INFO - Strategy recommendation for DOGEUSD: BUY (Score: 0.16) | Price: 0.07
2026-07-20 14:31:27,245 - robTrader.Scheduler - INFO - Position size for DOGEUSD already at or above maximum target size.
2026-07-20 14:31:27,245 - robTrader.Scheduler - INFO - Analyzing ADAUSD...
2026-07-20 14:31:27,521 - robTrader.Scheduler - INFO - Strategy recommendation for ADAUSD: HOLD (Score: -0.01) | Price: 0.16
2026-07-20 14:31:27,630 - robTrader.Scheduler - INFO - Holding current position for ADAUSD.
2026-07-20 14:31:27,630 - robTrader.Scheduler - INFO - Analyzing LINKUSD...
2026-07-20 14:31:27,850 - robTrader.Scheduler - INFO - Strategy recommendation for LINKUSD: HOLD (Score: -0.01) | Price: 8.46
2026-07-20 14:31:27,954 - robTrader.Scheduler - INFO - Holding current position for LINKUSD.
2026-07-20 14:31:27,957 - robTrader.Scheduler - INFO - Saved analysis metrics for 57 symbols to C:\Users\EM2025007512\.gemini\antigravity\scratch\robTrader\data_logs\analysis_state_alpaca_d86ffaae.json
2026-07-20 14:31:27,965 - robTrader.Scheduler - INFO - Spanish Tax Report generated successfully at: data_logs\spanish_tax_report_alpaca_d86ffaae.csv
2026-07-20 14:31:27,966 - robTrader.Scheduler - INFO - Net gains/losses: 0.0 EUR
2026-07-20 14:31:27,966 - robTrader.Scheduler - INFO - ------ Trading Cycle Finished ------
2026-07-20 14:31:29,314 - robTrader.Scheduler - INFO - Refreshed portfolio: Cash = 849564.31 | Total Value = 1000298.10
2026-07-20 14:31:39,786 - robTrader.Scheduler - INFO - Refreshed portfolio: Cash = 849564.31 | Total Value = 1000298.10
2026-07-20 14:31:50,298 - robTrader.Scheduler - INFO - Refreshed portfolio: Cash = 849564.31 | Total Value = 1000298.10
2026-07-20 14:32:00,734 - robTrader.Scheduler - INFO - Refreshed portfolio: Cash = 849564.31 | Total Value = 1000298.10
2026-07-20 14:32:11,181 - robTrader.Scheduler - INFO - Refreshed portfolio: Cash = 849564.31 | Total Value = 1000298.10
2026-07-20 14:32:21,623 - robTrader.Scheduler - INFO - Refreshed portfolio: Cash = 849564.31 | Total Value = 1000298.10
2026-07-20 14:32:32,055 - robTrader.Scheduler - INFO - Refreshed portfolio: Cash = 849564.31 | Total Value = 1000298.10
2026-07-20 14:32:42,494 - robTrader.Scheduler - INFO - Refreshed portfolio: Cash = 849564.31 | Total Value = 1000298.10
2026-07-20 14:32:52,937 - robTrader.Scheduler - INFO - Refreshed portfolio: Cash = 849564.31 | Total Value = 1000298.10
2026-07-20 14:33:01,053 - robTrader.Scheduler - INFO - ------ Starting Trading Cycle ------
2026-07-20 14:33:01,053 - robTrader.Scheduler - INFO - Signal Thresholds: BUY >= 0.15 | SELL <= -0.1
2026-07-20 14:33:01,921 - robTrader.Scheduler - INFO - Dynamically scanned market. Target symbols for this cycle: ['MMM', 'AOS', 'ABT', 'ABBV', 'ACN', 'ADBE', 'AMD', 'AES', 'AFL', 'A', 'APD', 'ABNB', 'AKAM', 'ALB', 'ARE', 'ALGN', 'ALLE', 'LNT', 'ALL', 'GOOGL', 'GOOG', 'MO', 'AMZN', 'AMCR', 'AEE', 'AEP', 'AXP', 'AIG', 'AMT', 'AWK', 'AMP', 'AME', 'AMGN', 'APH', 'ADI', 'AON', 'APA', 'APO', 'AAPL', 'AMAT', 'APP', 'APTV', 'ACGL', 'ADM', 'ARES', 'ANET', 'AJG', 'AIZ', 'T', 'ATO', 'BTCUSD', 'ETHUSD', 'SOLUSD', 'LTCUSD', 'DOGEUSD', 'ADAUSD', 'LINKUSD']
2026-07-20 14:33:02,343 - robTrader.Scheduler - INFO - Broker Cash: 849564.31 | Reserved in Pending Buys: 450220.83 | Estimated Available Cash: 399343.48
2026-07-20 14:33:02,343 - robTrader.Scheduler - INFO - Portfolio Value: 1000298.10 | Cash: 399343.48 | Open Positions: ['BTCUSD', 'DOGEUSD']
2026-07-20 14:33:02,344 - robTrader.Scheduler - INFO - Analyzing MMM...
2026-07-20 14:33:07,104 - robTrader.Scheduler - INFO - Strategy recommendation for MMM: HOLD (Score: 0.11) | Price: 159.84
2026-07-20 14:33:07,223 - robTrader.Scheduler - INFO - Holding current position for MMM.
2026-07-20 14:33:07,223 - robTrader.Scheduler - INFO - Analyzing AOS...
2026-07-20 14:33:07,483 - robTrader.Scheduler - INFO - Strategy recommendation for AOS: HOLD (Score: 0.07) | Price: 58.85
2026-07-20 14:33:07,593 - robTrader.Scheduler - INFO - Holding current position for AOS.
2026-07-20 14:33:07,593 - robTrader.Scheduler - INFO - Analyzing ABT...
2026-07-20 14:33:07,841 - robTrader.Scheduler - INFO - Strategy recommendation for ABT: BUY (Score: 0.19) | Price: 100.68
2026-07-20 14:33:07,947 - robTrader.Scheduler - INFO - Skipping BUY order for ABT: Already has 1 pending order(s) active in broker.
2026-07-20 14:33:07,947 - robTrader.Scheduler - INFO - Analyzing ABBV...
2026-07-20 14:33:08,188 - robTrader.Scheduler - INFO - Strategy recommendation for ABBV: HOLD (Score: 0.09) | Price: 254.49
2026-07-20 14:33:08,295 - robTrader.Scheduler - INFO - Holding current position for ABBV.
2026-07-20 14:33:08,295 - robTrader.Scheduler - INFO - Analyzing ACN...
2026-07-20 14:33:08,524 - robTrader.Scheduler - INFO - Strategy recommendation for ACN: HOLD (Score: 0.04) | Price: 143.57
2026-07-20 14:33:08,630 - robTrader.Scheduler - INFO - Holding current position for ACN.
2026-07-20 14:33:08,630 - robTrader.Scheduler - INFO - Analyzing ADBE...
2026-07-20 14:33:08,857 - robTrader.Scheduler - INFO - Strategy recommendation for ADBE: HOLD (Score: 0.0) | Price: 237.25
2026-07-20 14:33:08,964 - robTrader.Scheduler - INFO - Holding current position for ADBE.
2026-07-20 14:33:08,964 - robTrader.Scheduler - INFO - Analyzing AMD...
2026-07-20 14:33:09,204 - robTrader.Scheduler - INFO - Strategy recommendation for AMD: HOLD (Score: 0.11) | Price: 495.76
2026-07-20 14:33:09,311 - robTrader.Scheduler - INFO - Holding current position for AMD.
2026-07-20 14:33:09,311 - robTrader.Scheduler - INFO - Analyzing AES...
2026-07-20 14:33:09,561 - robTrader.Scheduler - INFO - Strategy recommendation for AES: HOLD (Score: 0.11) | Price: 14.77
2026-07-20 14:33:09,671 - robTrader.Scheduler - INFO - Holding current position for AES.
2026-07-20 14:33:09,671 - robTrader.Scheduler - INFO - Analyzing AFL...
2026-07-20 14:33:09,895 - robTrader.Scheduler - INFO - Strategy recommendation for AFL: HOLD (Score: 0.0) | Price: 124.72
2026-07-20 14:33:10,003 - robTrader.Scheduler - INFO - Holding current position for AFL.
2026-07-20 14:33:10,003 - robTrader.Scheduler - INFO - Analyzing A...
2026-07-20 14:33:10,233 - robTrader.Scheduler - INFO - Strategy recommendation for A: HOLD (Score: 0.11) | Price: 131.46
2026-07-20 14:33:10,342 - robTrader.Scheduler - INFO - Holding current position for A.
2026-07-20 14:33:10,342 - robTrader.Scheduler - INFO - Analyzing APD...
2026-07-20 14:33:10,566 - robTrader.Scheduler - INFO - Strategy recommendation for APD: HOLD (Score: 0.07) | Price: 295.62
2026-07-20 14:33:10,672 - robTrader.Scheduler - INFO - Holding current position for APD.
2026-07-20 14:33:10,672 - robTrader.Scheduler - INFO - Analyzing ABNB...
2026-07-20 14:33:10,907 - robTrader.Scheduler - INFO - Strategy recommendation for ABNB: HOLD (Score: 0.07) | Price: 145.98
2026-07-20 14:33:11,013 - robTrader.Scheduler - INFO - Holding current position for ABNB.
2026-07-20 14:33:11,013 - robTrader.Scheduler - INFO - Analyzing AKAM...
2026-07-20 14:33:11,244 - robTrader.Scheduler - INFO - Strategy recommendation for AKAM: HOLD (Score: 0.0) | Price: 120.19
2026-07-20 14:33:11,353 - robTrader.Scheduler - INFO - Holding current position for AKAM.
2026-07-20 14:33:11,353 - robTrader.Scheduler - INFO - Analyzing ALB...
2026-07-20 14:33:11,577 - robTrader.Scheduler - INFO - Strategy recommendation for ALB: BUY (Score: 0.19) | Price: 120.78
2026-07-20 14:33:11,684 - robTrader.Scheduler - INFO - Skipping BUY order for ALB: Already has 1 pending order(s) active in broker.
2026-07-20 14:33:11,684 - robTrader.Scheduler - INFO - Analyzing ARE...
2026-07-20 14:33:11,928 - robTrader.Scheduler - INFO - Strategy recommendation for ARE: HOLD (Score: 0.11) | Price: 50.22
2026-07-20 14:33:12,037 - robTrader.Scheduler - INFO - Holding current position for ARE.
2026-07-20 14:33:12,037 - robTrader.Scheduler - INFO - Analyzing ALGN...
2026-07-20 14:33:12,276 - robTrader.Scheduler - INFO - Strategy recommendation for ALGN: HOLD (Score: 0.0) | Price: 176.76
2026-07-20 14:33:12,387 - robTrader.Scheduler - INFO - Holding current position for ALGN.
2026-07-20 14:33:12,387 - robTrader.Scheduler - INFO - Analyzing ALLE...
2026-07-20 14:33:12,621 - robTrader.Scheduler - INFO - Strategy recommendation for ALLE: HOLD (Score: 0.04) | Price: 137.24
2026-07-20 14:33:12,727 - robTrader.Scheduler - INFO - Holding current position for ALLE.
2026-07-20 14:33:12,728 - robTrader.Scheduler - INFO - Analyzing LNT...
2026-07-20 14:33:12,988 - robTrader.Scheduler - INFO - Strategy recommendation for LNT: HOLD (Score: 0.11) | Price: 74.82
2026-07-20 14:33:13,096 - robTrader.Scheduler - INFO - Holding current position for LNT.
2026-07-20 14:33:13,096 - robTrader.Scheduler - INFO - Analyzing ALL...
2026-07-20 14:33:13,332 - robTrader.Scheduler - INFO - Strategy recommendation for ALL: HOLD (Score: 0.11) | Price: 249.90
2026-07-20 14:33:13,439 - robTrader.Scheduler - INFO - Holding current position for ALL.
2026-07-20 14:33:13,439 - robTrader.Scheduler - INFO - Analyzing GOOGL...
2026-07-20 14:33:13,669 - robTrader.Scheduler - INFO - Strategy recommendation for GOOGL: HOLD (Score: 0.04) | Price: 346.77
2026-07-20 14:33:13,775 - robTrader.Scheduler - INFO - Holding current position for GOOGL.
2026-07-20 14:33:13,776 - robTrader.Scheduler - INFO - Analyzing GOOG...
2026-07-20 14:33:13,992 - robTrader.Scheduler - INFO - Strategy recommendation for GOOG: HOLD (Score: -0.04) | Price: 346.12
2026-07-20 14:33:14,107 - robTrader.Scheduler - INFO - Holding current position for GOOG.
2026-07-20 14:33:14,107 - robTrader.Scheduler - INFO - Analyzing MO...
2026-07-20 14:33:14,325 - robTrader.Scheduler - INFO - Strategy recommendation for MO: HOLD (Score: 0.11) | Price: 74.21
2026-07-20 14:33:14,436 - robTrader.Scheduler - INFO - Holding current position for MO.
2026-07-20 14:33:14,436 - robTrader.Scheduler - INFO - Analyzing AMZN...
2026-07-20 14:33:14,667 - robTrader.Scheduler - INFO - Strategy recommendation for AMZN: HOLD (Score: 0.04) | Price: 247.23
2026-07-20 14:33:15,385 - robTrader.Scheduler - INFO - Holding current position for AMZN.
2026-07-20 14:33:15,385 - robTrader.Scheduler - INFO - Analyzing AMCR...
2026-07-20 14:33:15,608 - robTrader.Scheduler - INFO - Strategy recommendation for AMCR: HOLD (Score: 0.07) | Price: 43.94
2026-07-20 14:33:15,711 - robTrader.Scheduler - INFO - Holding current position for AMCR.
2026-07-20 14:33:15,711 - robTrader.Scheduler - INFO - Analyzing AEE...
2026-07-20 14:33:15,934 - robTrader.Scheduler - INFO - Strategy recommendation for AEE: HOLD (Score: 0.11) | Price: 111.55
2026-07-20 14:33:16,038 - robTrader.Scheduler - INFO - Holding current position for AEE.
2026-07-20 14:33:16,038 - robTrader.Scheduler - INFO - Analyzing AEP...
2026-07-20 14:33:16,264 - robTrader.Scheduler - INFO - Strategy recommendation for AEP: HOLD (Score: 0.11) | Price: 132.14
2026-07-20 14:33:16,368 - robTrader.Scheduler - INFO - Holding current position for AEP.
2026-07-20 14:33:16,369 - robTrader.Scheduler - INFO - Analyzing AXP...
2026-07-20 14:33:16,606 - robTrader.Scheduler - INFO - Strategy recommendation for AXP: HOLD (Score: 0.07) | Price: 355.35
2026-07-20 14:33:16,708 - robTrader.Scheduler - INFO - Holding current position for AXP.
2026-07-20 14:33:16,709 - robTrader.Scheduler - INFO - Analyzing AIG...
2026-07-20 14:33:16,923 - robTrader.Scheduler - INFO - Strategy recommendation for AIG: BUY (Score: 0.15) | Price: 80.50
2026-07-20 14:33:17,024 - robTrader.Scheduler - INFO - Skipping BUY order for AIG: Already has 1 pending order(s) active in broker.
2026-07-20 14:33:17,024 - robTrader.Scheduler - INFO - Analyzing AMT...
2026-07-20 14:33:17,240 - robTrader.Scheduler - INFO - Strategy recommendation for AMT: HOLD (Score: 0.11) | Price: 170.06
2026-07-20 14:33:17,342 - robTrader.Scheduler - INFO - Holding current position for AMT.
2026-07-20 14:33:17,342 - robTrader.Scheduler - INFO - Analyzing AWK...
2026-07-20 14:33:17,557 - robTrader.Scheduler - INFO - Strategy recommendation for AWK: HOLD (Score: 0.04) | Price: 135.11
2026-07-20 14:33:17,660 - robTrader.Scheduler - INFO - Holding current position for AWK.
2026-07-20 14:33:17,660 - robTrader.Scheduler - INFO - Analyzing AMP...
2026-07-20 14:33:17,902 - robTrader.Scheduler - INFO - Strategy recommendation for AMP: HOLD (Score: 0.04) | Price: 527.87
2026-07-20 14:33:18,005 - robTrader.Scheduler - INFO - Holding current position for AMP.
2026-07-20 14:33:18,005 - robTrader.Scheduler - INFO - Analyzing AME...
2026-07-20 14:33:18,235 - robTrader.Scheduler - INFO - Strategy recommendation for AME: HOLD (Score: 0.07) | Price: 237.00
2026-07-20 14:33:18,339 - robTrader.Scheduler - INFO - Holding current position for AME.
2026-07-20 14:33:18,339 - robTrader.Scheduler - INFO - Analyzing AMGN...
2026-07-20 14:33:18,562 - robTrader.Scheduler - INFO - Strategy recommendation for AMGN: HOLD (Score: 0.04) | Price: 366.29
2026-07-20 14:33:18,669 - robTrader.Scheduler - INFO - Holding current position for AMGN.
2026-07-20 14:33:18,669 - robTrader.Scheduler - INFO - Analyzing APH...
2026-07-20 14:33:18,898 - robTrader.Scheduler - INFO - Strategy recommendation for APH: BUY (Score: 0.15) | Price: 151.20
2026-07-20 14:33:19,002 - robTrader.Scheduler - INFO - Skipping BUY order for APH: Already has 1 pending order(s) active in broker.
2026-07-20 14:33:19,002 - robTrader.Scheduler - INFO - Analyzing ADI...
2026-07-20 14:33:19,218 - robTrader.Scheduler - INFO - Strategy recommendation for ADI: HOLD (Score: 0.04) | Price: 375.36
2026-07-20 14:33:19,327 - robTrader.Scheduler - INFO - Holding current position for ADI.
2026-07-20 14:33:19,327 - robTrader.Scheduler - INFO - Analyzing AON...
2026-07-20 14:33:19,545 - robTrader.Scheduler - INFO - Strategy recommendation for AON: HOLD (Score: 0.11) | Price: 367.21
2026-07-20 14:33:19,647 - robTrader.Scheduler - INFO - Holding current position for AON.
2026-07-20 14:33:19,647 - robTrader.Scheduler - INFO - Analyzing APA...
2026-07-20 14:33:19,872 - robTrader.Scheduler - INFO - Strategy recommendation for APA: HOLD (Score: 0.11) | Price: 35.22
2026-07-20 14:33:19,982 - robTrader.Scheduler - INFO - Holding current position for APA.
2026-07-20 14:33:19,982 - robTrader.Scheduler - INFO - Analyzing APO...
2026-07-20 14:33:20,202 - robTrader.Scheduler - INFO - Strategy recommendation for APO: BUY (Score: 0.15) | Price: 120.47
2026-07-20 14:33:20,304 - robTrader.Scheduler - INFO - Skipping BUY order for APO: Already has 1 pending order(s) active in broker.
2026-07-20 14:33:20,304 - robTrader.Scheduler - INFO - Analyzing AAPL...
2026-07-20 14:33:20,522 - robTrader.Scheduler - INFO - Strategy recommendation for AAPL: HOLD (Score: 0.11) | Price: 333.74
2026-07-20 14:33:20,623 - robTrader.Scheduler - INFO - Holding current position for AAPL.
2026-07-20 14:33:20,623 - robTrader.Scheduler - INFO - Analyzing AMAT...
2026-07-20 14:33:20,855 - robTrader.Scheduler - INFO - Strategy recommendation for AMAT: HOLD (Score: 0.07) | Price: 529.66
2026-07-20 14:33:20,960 - robTrader.Scheduler - INFO - Holding current position for AMAT.
2026-07-20 14:33:20,960 - robTrader.Scheduler - INFO - Analyzing APP...
2026-07-20 14:33:21,232 - robTrader.Scheduler - INFO - Strategy recommendation for APP: HOLD (Score: 0.04) | Price: 424.54
2026-07-20 14:33:21,336 - robTrader.Scheduler - INFO - Holding current position for APP.
2026-07-20 14:33:21,336 - robTrader.Scheduler - INFO - Analyzing APTV...
2026-07-20 14:33:21,566 - robTrader.Scheduler - INFO - Strategy recommendation for APTV: HOLD (Score: 0.11) | Price: 57.47
2026-07-20 14:33:21,669 - robTrader.Scheduler - INFO - Holding current position for APTV.
2026-07-20 14:33:21,669 - robTrader.Scheduler - INFO - Analyzing ACGL...
2026-07-20 14:33:21,900 - robTrader.Scheduler - INFO - Strategy recommendation for ACGL: HOLD (Score: 0.04) | Price: 101.35
2026-07-20 14:33:22,002 - robTrader.Scheduler - INFO - Holding current position for ACGL.
2026-07-20 14:33:22,003 - robTrader.Scheduler - INFO - Analyzing ADM...
2026-07-20 14:33:22,252 - robTrader.Scheduler - INFO - Strategy recommendation for ADM: HOLD (Score: 0.07) | Price: 85.90
2026-07-20 14:33:22,357 - robTrader.Scheduler - INFO - Holding current position for ADM.
2026-07-20 14:33:22,358 - robTrader.Scheduler - INFO - Analyzing ARES...
2026-07-20 14:33:22,578 - robTrader.Scheduler - INFO - Strategy recommendation for ARES: BUY (Score: 0.15) | Price: 125.68
2026-07-20 14:33:22,684 - robTrader.Scheduler - INFO - Skipping BUY order for ARES: Already has 1 pending order(s) active in broker.
2026-07-20 14:33:22,684 - robTrader.Scheduler - INFO - Analyzing ANET...
2026-07-20 14:33:22,910 - robTrader.Scheduler - INFO - Strategy recommendation for ANET: HOLD (Score: 0.07) | Price: 168.61
2026-07-20 14:33:23,018 - robTrader.Scheduler - INFO - Holding current position for ANET.
2026-07-20 14:33:23,018 - robTrader.Scheduler - INFO - Analyzing AJG...
2026-07-20 14:33:23,245 - robTrader.Scheduler - INFO - Strategy recommendation for AJG: BUY (Score: 0.15) | Price: 253.90
2026-07-20 14:33:23,356 - robTrader.Scheduler - INFO - Skipping BUY order for AJG: Already has 1 pending order(s) active in broker.
2026-07-20 14:33:23,357 - robTrader.Scheduler - INFO - Analyzing AIZ...
2026-07-20 14:33:23,603 - robTrader.Scheduler - INFO - Strategy recommendation for AIZ: HOLD (Score: 0.11) | Price: 276.84
2026-07-20 14:33:23,708 - robTrader.Scheduler - INFO - Holding current position for AIZ.
2026-07-20 14:33:23,708 - robTrader.Scheduler - INFO - Analyzing T...
2026-07-20 14:33:23,938 - robTrader.Scheduler - INFO - Strategy recommendation for T: HOLD (Score: 0.04) | Price: 21.81
2026-07-20 14:33:24,045 - robTrader.Scheduler - INFO - Holding current position for T.
2026-07-20 14:33:24,046 - robTrader.Scheduler - INFO - Analyzing ATO...
2026-07-20 14:33:24,318 - robTrader.Scheduler - INFO - Strategy recommendation for ATO: HOLD (Score: 0.0) | Price: 177.68
2026-07-20 14:33:24,426 - robTrader.Scheduler - INFO - Holding current position for ATO.
2026-07-20 14:33:24,426 - robTrader.Scheduler - INFO - Analyzing BTCUSD...
2026-07-20 14:33:25,302 - robTrader.Scheduler - INFO - Strategy recommendation for BTCUSD: BUY (Score: 0.2) | Price: 64620.30
2026-07-20 14:33:25,405 - robTrader.Scheduler - INFO - Position size for BTCUSD already at or above maximum target size.
2026-07-20 14:33:25,406 - robTrader.Scheduler - INFO - Analyzing ETHUSD...
2026-07-20 14:33:25,637 - robTrader.Scheduler - INFO - Strategy recommendation for ETHUSD: HOLD (Score: 0.14) | Price: 1874.14
2026-07-20 14:33:25,742 - robTrader.Scheduler - INFO - Holding current position for ETHUSD.
2026-07-20 14:33:25,742 - robTrader.Scheduler - INFO - Analyzing SOLUSD...
2026-07-20 14:33:25,988 - robTrader.Scheduler - INFO - Strategy recommendation for SOLUSD: HOLD (Score: 0.12) | Price: 76.75
2026-07-20 14:33:26,100 - robTrader.Scheduler - INFO - Holding current position for SOLUSD.
2026-07-20 14:33:26,100 - robTrader.Scheduler - INFO - Analyzing LTCUSD...
2026-07-20 14:33:26,333 - robTrader.Scheduler - INFO - Strategy recommendation for LTCUSD: HOLD (Score: 0.06) | Price: 47.16
2026-07-20 14:33:26,437 - robTrader.Scheduler - INFO - Holding current position for LTCUSD.
2026-07-20 14:33:26,437 - robTrader.Scheduler - INFO - Analyzing DOGEUSD...
2026-07-20 14:33:26,769 - robTrader.Scheduler - INFO - Strategy recommendation for DOGEUSD: BUY (Score: 0.16) | Price: 0.07
2026-07-20 14:33:26,871 - robTrader.Scheduler - INFO - Position size for DOGEUSD already at or above maximum target size.
2026-07-20 14:33:26,871 - robTrader.Scheduler - INFO - Analyzing ADAUSD...
2026-07-20 14:33:27,126 - robTrader.Scheduler - INFO - Strategy recommendation for ADAUSD: HOLD (Score: -0.01) | Price: 0.16
2026-07-20 14:33:27,234 - robTrader.Scheduler - INFO - Holding current position for ADAUSD.
2026-07-20 14:33:27,234 - robTrader.Scheduler - INFO - Analyzing LINKUSD...
2026-07-20 14:33:27,489 - robTrader.Scheduler - INFO - Strategy recommendation for LINKUSD: HOLD (Score: -0.01) | Price: 8.46
2026-07-20 14:33:27,593 - robTrader.Scheduler - INFO - Holding current position for LINKUSD.
2026-07-20 14:33:27,597 - robTrader.Scheduler - INFO - Saved analysis metrics for 57 symbols to C:\Users\EM2025007512\.gemini\antigravity\scratch\robTrader\data_logs\analysis_state_alpaca_d86ffaae.json
2026-07-20 14:33:27,606 - robTrader.Scheduler - INFO - Spanish Tax Report generated successfully at: data_logs\spanish_tax_report_alpaca_d86ffaae.csv
2026-07-20 14:33:27,607 - robTrader.Scheduler - INFO - Net gains/losses: 0.0 EUR
2026-07-20 14:33:27,607 - robTrader.Scheduler - INFO - ------ Trading Cycle Finished ------
2026-07-20 14:33:28,925 - robTrader.Scheduler - INFO - Refreshed portfolio: Cash = 849564.31 | Total Value = 1000298.10
2026-07-20 14:33:39,361 - robTrader.Scheduler - INFO - Refreshed portfolio: Cash = 849564.31 | Total Value = 1000298.10
2026-07-20 14:33:49,797 - robTrader.Scheduler - INFO - Refreshed portfolio: Cash = 849564.31 | Total Value = 1000281.47
2026-07-20 14:34:00,236 - robTrader.Scheduler - INFO - Refreshed portfolio: Cash = 849564.31 | Total Value = 1000281.47
2026-07-20 14:34:10,672 - robTrader.Scheduler - INFO - Refreshed portfolio: Cash = 849564.31 | Total Value = 1000358.96
2026-07-20 14:34:21,090 - robTrader.Scheduler - INFO - Refreshed portfolio: Cash = 849564.31 | Total Value = 1000358.96
2026-07-20 14:34:31,505 - robTrader.Scheduler - INFO - Refreshed portfolio: Cash = 849564.31 | Total Value = 1000358.96
2026-07-20 14:34:41,924 - robTrader.Scheduler - INFO - Refreshed portfolio: Cash = 849564.31 | Total Value = 1000358.96
2026-07-20 14:34:52,352 - robTrader.Scheduler - INFO - Refreshed portfolio: Cash = 849564.31 | Total Value = 1000358.96
2026-07-20 14:35:01,460 - robTrader.Scheduler - INFO - ------ Starting Trading Cycle ------
2026-07-20 14:35:01,461 - robTrader.Scheduler - INFO - Signal Thresholds: BUY >= 0.15 | SELL <= -0.1
2026-07-20 14:35:02,248 - robTrader.Scheduler - INFO - Dynamically scanned market. Target symbols for this cycle: ['MMM', 'AOS', 'ABT', 'ABBV', 'ACN', 'ADBE', 'AMD', 'AES', 'AFL', 'A', 'APD', 'ABNB', 'AKAM', 'ALB', 'ARE', 'ALGN', 'ALLE', 'LNT', 'ALL', 'GOOGL', 'GOOG', 'MO', 'AMZN', 'AMCR', 'AEE', 'AEP', 'AXP', 'AIG', 'AMT', 'AWK', 'AMP', 'AME', 'AMGN', 'APH', 'ADI', 'AON', 'APA', 'APO', 'AAPL', 'AMAT', 'APP', 'APTV', 'ACGL', 'ADM', 'ARES', 'ANET', 'AJG', 'AIZ', 'T', 'ATO', 'BTCUSD', 'ETHUSD', 'SOLUSD', 'LTCUSD', 'DOGEUSD', 'ADAUSD', 'LINKUSD']
2026-07-20 14:35:02,655 - robTrader.Scheduler - INFO - Broker Cash: 849564.31 | Reserved in Pending Buys: 450220.83 | Estimated Available Cash: 399343.48
2026-07-20 14:35:02,655 - robTrader.Scheduler - INFO - Portfolio Value: 1000358.96 | Cash: 399343.48 | Open Positions: ['BTCUSD', 'DOGEUSD']
2026-07-20 14:35:02,655 - robTrader.Scheduler - INFO - Analyzing MMM...
2026-07-20 14:35:07,147 - robTrader.Scheduler - INFO - Strategy recommendation for MMM: HOLD (Score: 0.11) | Price: 159.84
2026-07-20 14:35:07,258 - robTrader.Scheduler - INFO - Holding current position for MMM.
2026-07-20 14:35:07,258 - robTrader.Scheduler - INFO - Analyzing AOS...
2026-07-20 14:35:07,522 - robTrader.Scheduler - INFO - Strategy recommendation for AOS: HOLD (Score: 0.07) | Price: 58.85
2026-07-20 14:35:07,629 - robTrader.Scheduler - INFO - Holding current position for AOS.
2026-07-20 14:35:07,630 - robTrader.Scheduler - INFO - Analyzing ABT...
2026-07-20 14:35:07,862 - robTrader.Scheduler - INFO - Strategy recommendation for ABT: BUY (Score: 0.19) | Price: 100.68
2026-07-20 14:35:07,967 - robTrader.Scheduler - INFO - Skipping BUY order for ABT: Already has 1 pending order(s) active in broker.
2026-07-20 14:35:07,968 - robTrader.Scheduler - INFO - Analyzing ABBV...
2026-07-20 14:35:08,192 - robTrader.Scheduler - INFO - Strategy recommendation for ABBV: HOLD (Score: 0.09) | Price: 254.49
2026-07-20 14:35:08,296 - robTrader.Scheduler - INFO - Holding current position for ABBV.
2026-07-20 14:35:08,297 - robTrader.Scheduler - INFO - Analyzing ACN...
2026-07-20 14:35:08,534 - robTrader.Scheduler - INFO - Strategy recommendation for ACN: HOLD (Score: 0.04) | Price: 143.57
2026-07-20 14:35:08,641 - robTrader.Scheduler - INFO - Holding current position for ACN.
2026-07-20 14:35:08,641 - robTrader.Scheduler - INFO - Analyzing ADBE...
2026-07-20 14:35:08,874 - robTrader.Scheduler - INFO - Strategy recommendation for ADBE: HOLD (Score: 0.0) | Price: 237.25
2026-07-20 14:35:08,978 - robTrader.Scheduler - INFO - Holding current position for ADBE.
2026-07-20 14:35:08,978 - robTrader.Scheduler - INFO - Analyzing AMD...
2026-07-20 14:35:09,295 - robTrader.Scheduler - INFO - Strategy recommendation for AMD: HOLD (Score: 0.11) | Price: 495.76
2026-07-20 14:35:09,400 - robTrader.Scheduler - INFO - Holding current position for AMD.
2026-07-20 14:35:09,400 - robTrader.Scheduler - INFO - Analyzing AES...
2026-07-20 14:35:09,648 - robTrader.Scheduler - INFO - Strategy recommendation for AES: HOLD (Score: 0.11) | Price: 14.77
2026-07-20 14:35:09,753 - robTrader.Scheduler - INFO - Holding current position for AES.
2026-07-20 14:35:09,753 - robTrader.Scheduler - INFO - Analyzing AFL...
2026-07-20 14:35:09,984 - robTrader.Scheduler - INFO - Strategy recommendation for AFL: HOLD (Score: 0.0) | Price: 124.72
2026-07-20 14:35:10,087 - robTrader.Scheduler - INFO - Holding current position for AFL.
2026-07-20 14:35:10,087 - robTrader.Scheduler - INFO - Analyzing A...
2026-07-20 14:35:10,344 - robTrader.Scheduler - INFO - Strategy recommendation for A: HOLD (Score: 0.11) | Price: 131.46
2026-07-20 14:35:10,452 - robTrader.Scheduler - INFO - Holding current position for A.
2026-07-20 14:35:10,452 - robTrader.Scheduler - INFO - Analyzing APD...
2026-07-20 14:35:10,688 - robTrader.Scheduler - INFO - Strategy recommendation for APD: HOLD (Score: 0.07) | Price: 295.62
2026-07-20 14:35:10,793 - robTrader.Scheduler - INFO - Holding current position for APD.
2026-07-20 14:35:10,793 - robTrader.Scheduler - INFO - Analyzing ABNB...
2026-07-20 14:35:11,022 - robTrader.Scheduler - INFO - Strategy recommendation for ABNB: HOLD (Score: 0.07) | Price: 145.98
2026-07-20 14:35:11,125 - robTrader.Scheduler - INFO - Holding current position for ABNB.
2026-07-20 14:35:11,126 - robTrader.Scheduler - INFO - Analyzing AKAM...
2026-07-20 14:35:11,388 - robTrader.Scheduler - INFO - Strategy recommendation for AKAM: HOLD (Score: 0.0) | Price: 120.19
2026-07-20 14:35:11,491 - robTrader.Scheduler - INFO - Holding current position for AKAM.
2026-07-20 14:35:11,491 - robTrader.Scheduler - INFO - Analyzing ALB...
2026-07-20 14:35:11,721 - robTrader.Scheduler - INFO - Strategy recommendation for ALB: BUY (Score: 0.19) | Price: 120.78
2026-07-20 14:35:11,826 - robTrader.Scheduler - INFO - Skipping BUY order for ALB: Already has 1 pending order(s) active in broker.
2026-07-20 14:35:11,827 - robTrader.Scheduler - INFO - Analyzing ARE...
2026-07-20 14:35:12,051 - robTrader.Scheduler - INFO - Strategy recommendation for ARE: HOLD (Score: 0.11) | Price: 50.22
2026-07-20 14:35:12,155 - robTrader.Scheduler - INFO - Holding current position for ARE.
2026-07-20 14:35:12,155 - robTrader.Scheduler - INFO - Analyzing ALGN...
2026-07-20 14:35:12,386 - robTrader.Scheduler - INFO - Strategy recommendation for ALGN: HOLD (Score: 0.0) | Price: 176.76
2026-07-20 14:35:12,489 - robTrader.Scheduler - INFO - Holding current position for ALGN.
2026-07-20 14:35:12,489 - robTrader.Scheduler - INFO - Analyzing ALLE...
2026-07-20 14:35:12,720 - robTrader.Scheduler - INFO - Strategy recommendation for ALLE: HOLD (Score: 0.04) | Price: 137.24
2026-07-20 14:35:12,826 - robTrader.Scheduler - INFO - Holding current position for ALLE.
2026-07-20 14:35:12,826 - robTrader.Scheduler - INFO - Analyzing LNT...
2026-07-20 14:35:13,064 - robTrader.Scheduler - INFO - Strategy recommendation for LNT: HOLD (Score: 0.11) | Price: 74.82
2026-07-20 14:35:13,169 - robTrader.Scheduler - INFO - Holding current position for LNT.
2026-07-20 14:35:13,169 - robTrader.Scheduler - INFO - Analyzing ALL...
2026-07-20 14:35:13,397 - robTrader.Scheduler - INFO - Strategy recommendation for ALL: HOLD (Score: 0.11) | Price: 249.90
2026-07-20 14:35:13,507 - robTrader.Scheduler - INFO - Holding current position for ALL.
2026-07-20 14:35:13,507 - robTrader.Scheduler - INFO - Analyzing GOOGL...
2026-07-20 14:35:13,739 - robTrader.Scheduler - INFO - Strategy recommendation for GOOGL: HOLD (Score: 0.04) | Price: 346.77
2026-07-20 14:35:13,845 - robTrader.Scheduler - INFO - Holding current position for GOOGL.
2026-07-20 14:35:13,846 - robTrader.Scheduler - INFO - Analyzing GOOG...
2026-07-20 14:35:14,071 - robTrader.Scheduler - INFO - Strategy recommendation for GOOG: HOLD (Score: -0.04) | Price: 346.12
2026-07-20 14:35:14,183 - robTrader.Scheduler - INFO - Holding current position for GOOG.
2026-07-20 14:35:14,183 - robTrader.Scheduler - INFO - Analyzing MO...
2026-07-20 14:35:14,407 - robTrader.Scheduler - INFO - Strategy recommendation for MO: HOLD (Score: 0.11) | Price: 74.21
2026-07-20 14:35:14,510 - robTrader.Scheduler - INFO - Holding current position for MO.
2026-07-20 14:35:14,511 - robTrader.Scheduler - INFO - Analyzing AMZN...
2026-07-20 14:35:14,734 - robTrader.Scheduler - INFO - Strategy recommendation for AMZN: HOLD (Score: 0.04) | Price: 247.23
2026-07-20 14:35:14,837 - robTrader.Scheduler - INFO - Holding current position for AMZN.
2026-07-20 14:35:14,837 - robTrader.Scheduler - INFO - Analyzing AMCR...
2026-07-20 14:35:15,064 - robTrader.Scheduler - INFO - Strategy recommendation for AMCR: HOLD (Score: 0.07) | Price: 43.94
2026-07-20 14:35:15,171 - robTrader.Scheduler - INFO - Holding current position for AMCR.
2026-07-20 14:35:15,172 - robTrader.Scheduler - INFO - Analyzing AEE...
2026-07-20 14:35:15,394 - robTrader.Scheduler - INFO - Strategy recommendation for AEE: HOLD (Score: 0.11) | Price: 111.55
2026-07-20 14:35:15,498 - robTrader.Scheduler - INFO - Holding current position for AEE.
2026-07-20 14:35:15,498 - robTrader.Scheduler - INFO - Analyzing AEP...
2026-07-20 14:35:15,726 - robTrader.Scheduler - INFO - Strategy recommendation for AEP: HOLD (Score: 0.11) | Price: 132.14
2026-07-20 14:35:15,831 - robTrader.Scheduler - INFO - Holding current position for AEP.
2026-07-20 14:35:15,831 - robTrader.Scheduler - INFO - Analyzing AXP...
2026-07-20 14:35:16,105 - robTrader.Scheduler - INFO - Strategy recommendation for AXP: HOLD (Score: 0.07) | Price: 355.35
2026-07-20 14:35:16,209 - robTrader.Scheduler - INFO - Holding current position for AXP.
2026-07-20 14:35:16,210 - robTrader.Scheduler - INFO - Analyzing AIG...
2026-07-20 14:35:16,435 - robTrader.Scheduler - INFO - Strategy recommendation for AIG: BUY (Score: 0.15) | Price: 80.50
2026-07-20 14:35:16,538 - robTrader.Scheduler - INFO - Skipping BUY order for AIG: Already has 1 pending order(s) active in broker.
2026-07-20 14:35:16,538 - robTrader.Scheduler - INFO - Analyzing AMT...
2026-07-20 14:35:16,767 - robTrader.Scheduler - INFO - Strategy recommendation for AMT: HOLD (Score: 0.11) | Price: 170.06
2026-07-20 14:35:16,871 - robTrader.Scheduler - INFO - Holding current position for AMT.
2026-07-20 14:35:16,871 - robTrader.Scheduler - INFO - Analyzing AWK...
2026-07-20 14:35:17,118 - robTrader.Scheduler - INFO - Strategy recommendation for AWK: HOLD (Score: 0.04) | Price: 135.11
2026-07-20 14:35:17,223 - robTrader.Scheduler - INFO - Holding current position for AWK.
2026-07-20 14:35:17,224 - robTrader.Scheduler - INFO - Analyzing AMP...
2026-07-20 14:35:17,492 - robTrader.Scheduler - INFO - Strategy recommendation for AMP: HOLD (Score: 0.04) | Price: 527.87
2026-07-20 14:35:17,596 - robTrader.Scheduler - INFO - Holding current position for AMP.
2026-07-20 14:35:17,596 - robTrader.Scheduler - INFO - Analyzing AME...
2026-07-20 14:35:17,824 - robTrader.Scheduler - INFO - Strategy recommendation for AME: HOLD (Score: 0.07) | Price: 237.00
2026-07-20 14:35:17,929 - robTrader.Scheduler - INFO - Holding current position for AME.
2026-07-20 14:35:17,930 - robTrader.Scheduler - INFO - Analyzing AMGN...
2026-07-20 14:35:18,196 - robTrader.Scheduler - INFO - Strategy recommendation for AMGN: HOLD (Score: 0.04) | Price: 366.29
2026-07-20 14:35:18,305 - robTrader.Scheduler - INFO - Holding current position for AMGN.
2026-07-20 14:35:18,306 - robTrader.Scheduler - INFO - Analyzing APH...
2026-07-20 14:35:18,595 - robTrader.Scheduler - INFO - Strategy recommendation for APH: BUY (Score: 0.15) | Price: 151.20
2026-07-20 14:35:18,698 - robTrader.Scheduler - INFO - Skipping BUY order for APH: Already has 1 pending order(s) active in broker.
2026-07-20 14:35:18,699 - robTrader.Scheduler - INFO - Analyzing ADI...
2026-07-20 14:35:18,955 - robTrader.Scheduler - INFO - Strategy recommendation for ADI: HOLD (Score: 0.04) | Price: 375.36
2026-07-20 14:35:19,059 - robTrader.Scheduler - INFO - Holding current position for ADI.
2026-07-20 14:35:19,059 - robTrader.Scheduler - INFO - Analyzing AON...
2026-07-20 14:35:19,294 - robTrader.Scheduler - INFO - Strategy recommendation for AON: HOLD (Score: 0.11) | Price: 367.21
2026-07-20 14:35:19,398 - robTrader.Scheduler - INFO - Holding current position for AON.
2026-07-20 14:35:19,399 - robTrader.Scheduler - INFO - Analyzing APA...
2026-07-20 14:35:19,628 - robTrader.Scheduler - INFO - Strategy recommendation for APA: HOLD (Score: 0.11) | Price: 35.22
2026-07-20 14:35:19,738 - robTrader.Scheduler - INFO - Holding current position for APA.
2026-07-20 14:35:19,738 - robTrader.Scheduler - INFO - Analyzing APO...
2026-07-20 14:35:19,967 - robTrader.Scheduler - INFO - Strategy recommendation for APO: BUY (Score: 0.15) | Price: 120.47
2026-07-20 14:35:20,070 - robTrader.Scheduler - INFO - Skipping BUY order for APO: Already has 1 pending order(s) active in broker.
2026-07-20 14:35:20,071 - robTrader.Scheduler - INFO - Analyzing AAPL...
2026-07-20 14:35:20,298 - robTrader.Scheduler - INFO - Strategy recommendation for AAPL: HOLD (Score: 0.11) | Price: 333.74
2026-07-20 14:35:20,400 - robTrader.Scheduler - INFO - Holding current position for AAPL.
2026-07-20 14:35:20,400 - robTrader.Scheduler - INFO - Analyzing AMAT...
2026-07-20 14:35:20,626 - robTrader.Scheduler - INFO - Strategy recommendation for AMAT: HOLD (Score: 0.07) | Price: 529.66
2026-07-20 14:35:20,729 - robTrader.Scheduler - INFO - Holding current position for AMAT.
2026-07-20 14:35:20,729 - robTrader.Scheduler - INFO - Analyzing APP...
2026-07-20 14:35:20,953 - robTrader.Scheduler - INFO - Strategy recommendation for APP: HOLD (Score: 0.04) | Price: 424.54
2026-07-20 14:35:21,059 - robTrader.Scheduler - INFO - Holding current position for APP.
2026-07-20 14:35:21,059 - robTrader.Scheduler - INFO - Analyzing APTV...
2026-07-20 14:35:21,293 - robTrader.Scheduler - INFO - Strategy recommendation for APTV: HOLD (Score: 0.11) | Price: 57.47
2026-07-20 14:35:21,400 - robTrader.Scheduler - INFO - Holding current position for APTV.
2026-07-20 14:35:21,400 - robTrader.Scheduler - INFO - Analyzing ACGL...
2026-07-20 14:35:21,623 - robTrader.Scheduler - INFO - Strategy recommendation for ACGL: HOLD (Score: 0.04) | Price: 101.35
2026-07-20 14:35:21,727 - robTrader.Scheduler - INFO - Holding current position for ACGL.
2026-07-20 14:35:21,727 - robTrader.Scheduler - INFO - Analyzing ADM...
2026-07-20 14:35:21,971 - robTrader.Scheduler - INFO - Strategy recommendation for ADM: HOLD (Score: 0.07) | Price: 85.90
2026-07-20 14:35:22,078 - robTrader.Scheduler - INFO - Holding current position for ADM.
2026-07-20 14:35:22,078 - robTrader.Scheduler - INFO - Analyzing ARES...
2026-07-20 14:35:22,325 - robTrader.Scheduler - INFO - Strategy recommendation for ARES: BUY (Score: 0.15) | Price: 125.68
2026-07-20 14:35:22,429 - robTrader.Scheduler - INFO - Skipping BUY order for ARES: Already has 1 pending order(s) active in broker.
2026-07-20 14:35:22,429 - robTrader.Scheduler - INFO - Analyzing ANET...
2026-07-20 14:35:22,669 - robTrader.Scheduler - INFO - Strategy recommendation for ANET: HOLD (Score: 0.07) | Price: 168.61
2026-07-20 14:35:22,774 - robTrader.Scheduler - INFO - Holding current position for ANET.
2026-07-20 14:35:22,774 - robTrader.Scheduler - INFO - Analyzing AJG...
2026-07-20 14:35:23,032 - robTrader.Scheduler - INFO - Strategy recommendation for AJG: BUY (Score: 0.15) | Price: 253.90
2026-07-20 14:35:23,142 - robTrader.Scheduler - INFO - Skipping BUY order for AJG: Already has 1 pending order(s) active in broker.
2026-07-20 14:35:23,143 - robTrader.Scheduler - INFO - Analyzing AIZ...
2026-07-20 14:35:23,399 - robTrader.Scheduler - INFO - Strategy recommendation for AIZ: HOLD (Score: 0.11) | Price: 276.84
2026-07-20 14:35:23,508 - robTrader.Scheduler - INFO - Holding current position for AIZ.
2026-07-20 14:35:23,508 - robTrader.Scheduler - INFO - Analyzing T...
2026-07-20 14:35:23,736 - robTrader.Scheduler - INFO - Strategy recommendation for T: HOLD (Score: 0.04) | Price: 21.81
2026-07-20 14:35:23,840 - robTrader.Scheduler - INFO - Holding current position for T.
2026-07-20 14:35:23,840 - robTrader.Scheduler - INFO - Analyzing ATO...
2026-07-20 14:35:24,058 - robTrader.Scheduler - INFO - Strategy recommendation for ATO: HOLD (Score: 0.0) | Price: 177.68
2026-07-20 14:35:24,163 - robTrader.Scheduler - INFO - Holding current position for ATO.
2026-07-20 14:35:24,163 - robTrader.Scheduler - INFO - Analyzing BTCUSD...
2026-07-20 14:35:25,126 - robTrader.Scheduler - INFO - Strategy recommendation for BTCUSD: BUY (Score: 0.2) | Price: 64639.45
2026-07-20 14:35:25,230 - robTrader.Scheduler - INFO - Position size for BTCUSD already at or above maximum target size.
2026-07-20 14:35:25,230 - robTrader.Scheduler - INFO - Analyzing ETHUSD...
2026-07-20 14:35:25,450 - robTrader.Scheduler - INFO - Strategy recommendation for ETHUSD: HOLD (Score: 0.14) | Price: 1874.94
2026-07-20 14:35:25,552 - robTrader.Scheduler - INFO - Holding current position for ETHUSD.
2026-07-20 14:35:25,552 - robTrader.Scheduler - INFO - Analyzing SOLUSD...
2026-07-20 14:35:25,781 - robTrader.Scheduler - INFO - Strategy recommendation for SOLUSD: HOLD (Score: 0.12) | Price: 76.83
2026-07-20 14:35:25,887 - robTrader.Scheduler - INFO - Holding current position for SOLUSD.
2026-07-20 14:35:25,887 - robTrader.Scheduler - INFO - Analyzing LTCUSD...
2026-07-20 14:35:26,159 - robTrader.Scheduler - INFO - Strategy recommendation for LTCUSD: HOLD (Score: 0.06) | Price: 47.22
2026-07-20 14:35:26,266 - robTrader.Scheduler - INFO - Holding current position for LTCUSD.
2026-07-20 14:35:26,266 - robTrader.Scheduler - INFO - Analyzing DOGEUSD...
2026-07-20 14:35:26,504 - robTrader.Scheduler - INFO - Strategy recommendation for DOGEUSD: BUY (Score: 0.16) | Price: 0.07
2026-07-20 14:35:26,607 - robTrader.Scheduler - INFO - Position size for DOGEUSD already at or above maximum target size.
2026-07-20 14:35:26,607 - robTrader.Scheduler - INFO - Analyzing ADAUSD...
2026-07-20 14:35:26,847 - robTrader.Scheduler - INFO - Strategy recommendation for ADAUSD: HOLD (Score: -0.01) | Price: 0.16
2026-07-20 14:35:26,949 - robTrader.Scheduler - INFO - Holding current position for ADAUSD.
2026-07-20 14:35:26,949 - robTrader.Scheduler - INFO - Analyzing LINKUSD...
2026-07-20 14:35:27,180 - robTrader.Scheduler - INFO - Strategy recommendation for LINKUSD: HOLD (Score: -0.01) | Price: 8.46
2026-07-20 14:35:27,282 - robTrader.Scheduler - INFO - Holding current position for LINKUSD.
2026-07-20 14:35:27,286 - robTrader.Scheduler - INFO - Saved analysis metrics for 57 symbols to C:\Users\EM2025007512\.gemini\antigravity\scratch\robTrader\data_logs\analysis_state_alpaca_d86ffaae.json
2026-07-20 14:35:27,294 - robTrader.Scheduler - INFO - Spanish Tax Report generated successfully at: data_logs\spanish_tax_report_alpaca_d86ffaae.csv
2026-07-20 14:35:27,294 - robTrader.Scheduler - INFO - Net gains/losses: 0.0 EUR
2026-07-20 14:35:27,295 - robTrader.Scheduler - INFO - ------ Trading Cycle Finished ------
2026-07-20 14:35:28,603 - robTrader.Scheduler - INFO - Refreshed portfolio: Cash = 849564.31 | Total Value = 1000358.96
2026-07-20 14:35:39,025 - robTrader.Scheduler - INFO - Refreshed portfolio: Cash = 849564.31 | Total Value = 1000358.96
2026-07-20 14:35:49,451 - robTrader.Scheduler - INFO - Refreshed portfolio: Cash = 849564.31 | Total Value = 1000358.96
2026-07-20 14:35:59,864 - robTrader.Scheduler - INFO - Refreshed portfolio: Cash = 849564.31 | Total Value = 1000358.96
Traceback (most recent call last):
  File "<string>", line 1, in <module>
    from strategy.scheduler import TradingScheduler; TradingScheduler().start_loop()
                                                     ~~~~~~~~~~~~~~~~~~~~~~~~~~~~~^^
  File "C:\Users\EM2025007512\.gemini\antigravity\scratch\robTrader\strategy\scheduler.py", line 467, in start_loop
    time.sleep(1)
    ~~~~~~~~~~^^^
KeyboardInterrupt
